creative_id, unit_id, account_id, photo_id, user_id, create_time, admin_id, admin_time
55875,24918,9369,250840,97,1645373712634,3131,1645521286387
45970,60282,9294,955942,59573,1645401327158,2043,1645586504476
94583,48448,5175,882122,85447,1645403989349,5825,1645758641558
99396,96501,5845,168753,31347,1645404780393,5825,1645761377125
35458,35647,135,339797,60779,1645407374135,74,1645521749628
20530,30403,3842,152197,40703,1645407965914,5825,1645521661419
75971,54526,2590,410129,48218,1645409829473,5825,1645521680208
3201,26047,9483,741900,27460,1645411476034,3131,1645521872345
84156,11462,3231,952171,42151,1645414075347,5825,1645690831805
96683,40644,2519,52964,80257,1645414261301,5825,1645521859293
91304,87465,6859,586124,17703,1645414349266,5825,1645521865505
69592,91205,9902,630243,97191,1645414722722,3131,1645521889476
53703,70232,2367,79821,64170,1645414998436,5825,1645690845216
91867,8499,8433,217661,97548,1645415380269,5825,1645521921981
40546,79143,3230,182317,98174,1645415829855,5825,1645690848691
20240,31990,1387,583719,27047,1645417647105,5825,1645522001812
55092,63118,8379,225915,60538,1645417880310,2043,1645758686272
4306,88525,4269,529182,56982,1645418174169,5825,1645522091732
2409,55676,396,158526,4228,1645419046853,2043,1645768186602
96205,13013,6106,509487,41480,1645419960240,5825,1645522156606
85420,86581,6955,776148,27931,1645420290325,5825,1645522191666
51087,95497,2195,321370,25123,1645422228062,5825,1645522284159
77490,85163,635,710870,68001,1645422385484,74,1645690972744
78757,55176,2079,924053,43711,1645422966870,5825,1645522302510
53243,11118,7207,990743,59340,1645423709224,5825,1645691161642
62156,13931,4587,352838,40939,1645425243406,5825,1645522383231
63858,45272,5580,265191,91561,1645426768043,5825,1645758703023
74391,54152,2586,879562,48218,1645426833318,5825,1645522437566
35435,60025,8430,984591,97548,1645427309484,2043,1645587011310
25463,46014,2030,408383,27047,1645429554147,2043,1645522497545
84244,35239,5213,728419,58226,1645429743011,2043,1645587052230
10822,12086,6516,303205,51391,1645430135772,5825,1645522544348
78267,55068,2096,150557,43711,1645430265352,5825,1645522550330
97023,66111,899,532473,81885,1645430671998,5825,1645522570060
13073,11960,2079,689180,43711,1645432171714,74,1645522794866
97006,66111,899,532853,81885,1645433411061,2043,1645522794809
991,59863,8154,714157,22769,1645434366932,3131,1645522837267
70706,96296,7000,925976,90982,1645434582815,5825,1645758733931
12560,4902,2195,321370,25123,1645436024000,74,1645523058822
74392,54152,2586,879562,48218,1645436932184,3131,1645523148177
49485,55193,3986,765532,83814,1645437075419,3131,1645523155050
1372,33359,6974,12643,62181,1645439473468,2043,1645587137676
89240,99081,8021,252995,1599,1645440395901,74,1645523399419
69938,42385,5329,429040,71104,1645440563114,74,1645524097698
47401,20478,7376,713564,16583,1645442723864,2043,1645691081767
76750,72890,9599,18112,97548,1645442760903,2043,1645610181473
69426,29373,2826,213256,83814,1645442878320,3131,1645523778645
98265,8196,876,759620,32206,1645444227968,5825,1645691085032
56026,93003,5175,812532,85447,1645444801125,5825,1645523890091
49606,70449,6705,524247,64289,1645445276384,74,1645780992414
23910,6829,3797,132841,20581,1645445385863,5825,1645523910651
37961,65237,5470,41019,14811,1645445594498,5825,1645523926930
89539,17287,542,488275,77866,1645445766865,2043,1645587266196
1668,83553,4545,276911,97548,1645447418845,5825,1645603926563
97172,9977,1263,884525,95804,1645448199819,2043,1645691115892
69939,42385,5329,429040,71104,1645448373298,3131,1645523974006
92771,87858,6859,343179,17703,1645449390868,5825,1645758804000
24946,44271,3365,594849,64187,1645449987788,2043,1645691131565
61706,71543,3945,427776,19578,1645452160372,3131,1645524066965
4931,54611,5308,181608,44861,1645452347213,2043,1645524067056
36338,14040,4466,459378,2792,1645453236969,5825,1645524065997
76053,71868,862,931368,32206,1645455037519,2043,1645691213845
24761,84675,3652,868012,95518,1645456673375,74,1645524163818
14449,12401,2079,873759,43711,1645457855890,2043,1645610636442
33404,12127,1031,89440,20517,1645469522142,2043,1645691281273
26308,74370,1195,254902,76087,1645477288992,74,1645776844212
24593,16883,9899,925984,97191,1645481705161,2043,1645524472099
45312,55721,861,107696,32206,1645482008585,2043,1645758923829
30589,6366,2213,628057,89828,1645482484237,2043,1645768253261
51137,56767,6856,421728,69468,1645486681827,5825,1645691327216
58493,45996,5409,438129,38552,1645487885255,2043,1645759003868
97009,66111,899,532199,81885,1645488430550,3131,1645524457003
15121,83270,6901,28669,56825,1645490457915,2043,1645587652775
35904,13042,6950,755745,27931,1645494006328,5825,1645587693585
69775,30170,9501,658781,23222,1645497045892,2043,1645596711868
76926,17297,758,497038,49608,1645497368172,2043,1645587720788
14597,462,8890,346941,25123,1645499407924,5825,1645691423909
14915,82885,1866,985125,61732,1645499500977,2043,1645524756907
17736,82902,4672,985125,61732,1645499945972,5825,1645524534845
74448,94345,1148,526262,36360,1645501310860,5825,1645776850281
34700,24337,4212,363459,14460,1645502130664,74,1645777668604
84291,17014,4269,719350,56982,1645502592687,5825,1645691434631
27486,25480,6165,594056,77567,1645503751039,5825,1645596754121
42488,39254,7757,215728,87937,1645504148743,2043,1645768324932
90572,27670,2197,490537,25123,1645504508517,3131,1645524626583
54238,16005,5660,232820,31217,1645505120993,5825,1645587779354
75267,61046,2569,637845,48218,1645505178216,5825,1645587784409
9766,21801,6955,656451,27931,1645505880200,5825,1645587786532
19236,84979,306,621156,5927,1645507719482,3131,1645524660810
70404,33140,289,781283,96632,1645507834027,5825,1645587805478
26450,8589,6373,66025,50672,1645508354268,2043,1645610385143
50005,77060,3426,317488,27283,1645510123540,5825,1645776866839
22311,78079,602,389068,17118,1645512212636,5825,1645524658877
64542,73684,6238,997503,57778,1645513379341,2043,1645759086934
32804,40521,5744,985892,97548,1645517032391,74,1645691580885
93068,37489,9252,950108,8911,1645517227394,5825,1645524669454
40913,35114,840,757507,83814,1645517246360,5825,1645587874275
6750,98823,9128,686724,6802,1645520069554,5825,1645691597682
1598,68142,3187,66004,9197,1645520909632,2043,1645596795418
7625,73089,1324,708817,50113,1645521767988,74,1645759131133
98213,89890,9603,6695,97548,1645522300099,74,1645691634346
22169,39892,4524,494020,99361,1645522568784,5825,1645587992414
27185,15344,6980,521572,44242,1645522774286,5825,1645588002341
47328,39642,808,231519,96685,1645523398148,5825,1645691639238
19411,20468,2033,575296,27047,1645524685586,5825,1645759180998
45432,25556,6399,590369,3706,1645525662611,2043,1645610814529
61218,51991,8731,149138,13980,1645527298463,5825,1645691739946
78088,49948,6119,117943,42669,1645528767498,5825,1645588079139
89315,75689,9599,276911,97548,1645529119137,2043,1645691691319
96624,75075,8433,831146,97548,1645531311243,2043,1645691725362
61867,34286,5939,325171,79955,1645531726760,2043,1645759272966
4372,89911,8433,203311,97548,1645532414189,74,1645691733225
45434,25556,6399,590369,3706,1645532666570,2043,1645691751294
88800,15174,6861,814508,85522,1645532879458,5825,1645691793569
98843,81186,297,900178,62798,1645537340606,5825,1645588255378
57489,47916,2696,598640,27758,1645538249785,5825,1645691836396
81112,69107,747,251967,97974,1645538317883,5825,1645588281714
47720,8091,9675,965804,74559,1645539750469,5825,1645588284504
14857,95146,8234,982481,84922,1645540247669,2043,1645759482699
50219,71319,658,262589,92489,1645540886983,5825,1645691882152
69496,21840,2032,810140,27047,1645543085258,5825,1645602254347
92659,84332,5178,249736,19543,1645543641530,2043,1645759558350
30594,18206,3945,363982,19578,1645545176103,74,1645692137305
10141,57288,55,717016,833,1645545229300,5825,1645692067068
69148,70120,8499,277827,5863,1645546013608,5825,1645588321648
59045,20342,9325,288747,61382,1645548563076,5825,1645588337105
83831,9083,9253,711820,66994,1645552028912,2043,1645759698937
86033,1155,2202,190862,55832,1645556247328,5825,1645692266045
73450,12846,2424,33154,59982,1645558773166,5825,1645588367619
93011,59352,7685,140220,26780,1645560251805,5825,1645588371460
69755,76014,7083,167147,47674,1645565608190,5825,1645599429716
36222,77845,4350,789730,91824,1645569540083,74,1645759775132
77262,49338,4835,176596,46719,1645572132179,5825,1645768948639
58724,62275,5203,964599,61382,1645574216634,74,1645692386553
65154,43111,5835,92194,31347,1645576106204,5825,1645759832511
3073,63568,5745,955149,97548,1645576390069,5825,1645692426157
93243,18253,2033,421001,27047,1645579276620,74,1645692505986
28355,96268,7668,884741,43128,1645580615246,5825,1645602302587
95046,6654,9603,600825,97548,1645585886499,5825,1645692770134
88999,56951,1531,274586,38165,1645586972564,74,1645692831372
61383,83209,9956,630905,56837,1645588219616,5825,1645759888299
9105,48321,4812,916421,11048,1645589386307,2043,1645610360611
82490,29757,4836,285257,46719,1645590281515,5825,1645759920345
19824,32242,9454,642891,60382,1645591227994,2043,1645609393669
13561,70833,5219,35930,19273,1645592687957,5825,1645599475345
75055,74564,9507,779139,38521,1645594584846,5825,1645693118918
94862,63667,8430,816824,97548,1645596884663,74,1645759995583
73861,86577,9325,964599,61382,1645599424588,5825,1645693174400
21023,12287,1549,432998,50672,1645600681287,5825,1645760021702
89674,55997,2918,20221,4228,1645600997138,5825,1645693207716
10919,81186,297,900178,62798,1645601952789,5825,1645606894526
28610,7640,3462,197589,92009,1645601989426,74,1645693339647
24227,30767,9450,11785,93385,1645602221065,5825,1645776956078
4055,55360,2096,644367,43711,1645602458525,5825,1645693285542
89685,49772,8199,380841,22887,1645603035393,2043,1645693325954
73856,86577,9325,39245,61382,1645603375386,2043,1645693346558
23285,54600,9069,612807,71011,1645603879736,5825,1645603950281
86712,13236,1809,694845,11333,1645604003943,5825,1645693363710
53958,44468,7419,909770,18070,1645604367756,2043,1645693368624
83122,86313,747,644303,97974,1645606293773,2043,1645693413333
18979,35016,2588,677534,48218,1645607656514,2043,1645693425960
73472,37906,1112,789592,29477,1645608656296,5825,1645693448628
69767,38568,3378,47428,32510,1645609226739,5825,1645693455239
456,60664,6960,714304,1541,1645609360292,5825,1645693469800
6350,59109,3758,630537,49310,1645609404565,2043,1645693487572
39835,54365,275,204031,15130,1645609758529,5825,1645760120946
51222,13857,8701,939768,57548,1645610303806,74,1645698378557
82638,25045,525,626663,55074,1645610327011,2043,1645610598732
45626,97595,8433,179559,97548,1645610601521,2043,1645610823325
85891,14648,6627,260277,97548,1645611219287,5825,1645693608075
68788,53516,5112,433522,90748,1645611572550,5825,1645693662425
60283,36662,8524,56792,82669,1645611578460,5825,1645760131796
36549,79876,8411,56989,59894,1645611596480,74,1645768490982
51085,17600,542,440162,77866,1645612452273,2043,1645693691397
62242,36287,7479,638643,17302,1645613332090,5825,1645693719508
99041,13582,796,793824,45117,1645614093580,74,1645760186863
48083,32027,4812,916421,11048,1645614145783,74,1645693761287
12368,92407,9582,832144,13166,1645614672125,2043,1645693792222
28625,17570,3553,911193,64374,1645615121119,5825,1645693777600
18408,99307,9625,656668,88880,1645618810256,5825,1645693994517
95325,82826,6528,85419,87880,1645618874850,5825,1645760313818
42602,25625,7393,666400,26444,1645619099982,5825,1645760322436
71628,30635,429,137075,93708,1645620283935,2043,1645694115394
29051,88082,66,857137,89708,1645622130010,5825,1645694249060
49089,43128,4879,320158,15329,1645623202442,2043,1645694275237
1693,2480,3928,220095,87104,1645623203193,5825,1645694293858
29055,88082,66,428629,89708,1645623640781,5825,1645694309505
63272,1161,5109,521893,17703,1645624124792,5825,1645694405601
30128,51690,7479,638643,17302,1645624278935,2043,1645694467894
53787,17625,471,329438,35460,1645624920856,5825,1645760689825
33078,88544,11,60194,85407,1645624975559,5825,1645694667230
51539,52998,9706,529114,2149,1645626198116,2043,1645760741602
92483,779,5280,656281,74301,1645626802251,74,1645760781196
81046,71032,8820,464545,33639,1645627311113,5825,1645760753231
69925,48898,1165,818043,37929,1645628063169,2043,1645695001752
62721,85790,447,136523,22655,1645628478518,2043,1645695471706
47014,13035,9625,656668,88880,1645629863527,5825,1645695262433
41489,1996,7779,121915,1058,1645630566513,74,1645695325473
56388,59083,3709,922762,22004,1645633491000,74,1645695602353
66921,23713,2034,711219,27047,1645634312486,2043,1645760981587
47693,90023,9025,426478,85660,1645636322601,5825,1645761062884
52461,48868,7904,3118,30204,1645637154312,5825,1645695534841
83845,80775,9325,964599,61382,1645637172711,2043,1645695558793
92679,58255,2585,715026,72780,1645637362361,2043,1645761037859
52886,54813,1839,274407,48082,1645639020097,5825,1645761088103
15254,27291,462,99820,46095,1645640522807,5825,1645761099437
74593,14487,7644,923409,85802,1645640686138,5825,1645695577489
5439,10023,2771,319261,15329,1645641151018,2043,1645695601190
8793,34712,9402,271384,92297,1645644066941,74,1645697284277
80776,88154,5307,684975,44861,1645646452072,5825,1645761171199
19719,47912,2631,673235,99783,1645653192527,2043,1645695690098
10265,29614,4534,798528,34543,1645654795256,5825,1645695711529
20292,8718,871,72766,32206,1645657444241,5825,1645761344307
35746,41466,7615,104525,8911,1645658479842,74,1645695775493
42633,33982,3122,477546,75248,1645658805182,5825,1645761369538
32891,45607,8060,992397,14597,1645661318360,5825,1645761469989
20823,29577,6317,856976,36725,1645664869416,2043,1645768673833
19857,8495,5942,440710,74569,1645665296911,2043,1645695805788
20152,20957,2032,102776,27047,1645666677817,5825,1645695871690
99276,82222,3570,623092,42939,1645667079335,74,1645769116377
88831,83573,4458,330082,52291,1645667469786,5825,1645768798880
86693,25961,533,17618,71001,1645670113114,5825,1645778360630
13520,99716,9902,338972,97191,1645670458347,5825,1645695878951
27335,64114,2033,238204,27047,1645671149722,5825,1645695880314
10672,90030,8271,275889,95439,1645672474864,5825,1645695888861
6998,70770,983,527238,17516,1645672848383,74,1645696188586
13702,28382,860,355281,28438,1645672934426,5825,1645695953943
37269,55120,4842,286067,80609,1645673205145,5825,1645777068896
89661,68744,1549,219240,50672,1645673533613,5825,1645768896635
38633,34748,9170,899909,1457,1645674735671,2043,1645768978989
29782,25936,6839,827816,96831,1645674910164,5825,1645768979159
55925,26390,8212,338281,22887,1645675447140,5825,1645696032672
85385,63534,7337,41438,38113,1645675694720,2043,1645768994982
67498,51675,2577,180461,48218,1645676260330,5825,1645696068553
88156,51980,8376,859742,6699,1645676951396,5825,1645769011848
69627,64053,9483,794727,27460,1645678844518,5825,1645769037731
1681,47841,3797,938857,20581,1645680661869,2043,1645769117478
5743,41035,3105,139249,42151,1645680914995,5825,1645777106717
75663,47041,7122,58278,56129,1645681459028,5825,1645696152555
50403,21772,899,933295,81885,1645681646335,2043,1645696172991
73842,6293,7206,19601,7921,1645683750082,5825,1645777193807
12515,50034,9541,31662,8039,1645684185423,2043,1645696202553
71683,53917,5168,944579,23714,1645684247202,5825,1645777206927
57730,6641,2569,375365,48218,1645685786543,5825,1645777294952
14516,89620,4152,32696,64130,1645685881793,74,1645777491624
45727,28207,2765,691398,92068,1645686994288,5825,1645777329827
40329,69873,2082,927088,43711,1645689477875,5825,1645777566597
48500,78053,8947,868620,43205,1645689558683,2043,1645696225653
90299,18705,2569,895596,48218,1645692098353,5825,1645777719569
11016,50579,6145,500676,77983,1645692211382,2043,1645696230258
15025,20404,3922,459378,2792,1645692805009,5825,1645777735532
38952,79294,838,916194,83814,1645692881558,5825,1645777738737
50581,5656,123,280283,61732,1645693328517,5825,1645777759511
222,68286,6149,853816,68732,1645693618815,74,1645777894622
28075,57987,8025,484647,1599,1645693705649,5825,1645777885999
15027,20404,3922,459378,2792,1645693755563,5825,1645777909066
90297,18705,2569,895596,48218,1645695465522,5825,1645778145358
10270,39501,4366,578221,97684,1645697029529,5825,1645778274908
74997,10317,471,231799,35460,1645697311371,74,1645778346112
10978,12411,7107,263232,88880,1645699559867,74,1645778451993
92676,58255,2585,715026,72780,1645699875601,2043,1645778459437
17601,30531,1282,308698,50400,1645700127732,5825,1645778492485
48170,26247,899,193268,81885,1645700312731,5825,1645778529778
60593,8320,2652,384807,82910,1645701374451,5825,1645778611905
70704,50630,9603,333032,97548,1645702148761,74,1645778679549
83269,74396,3949,845301,19578,1645702512742,74,1645778789405
20159,20957,2032,770107,27047,1645703195214,5825,1645778723441
17349,17625,6859,343179,17703,1645703217241,5825,1645778732230
90546,12411,7107,272531,88880,1645704421920,5825,1645778815261
44160,59628,301,541921,62798,1645704880696,2043,1645778878467
62556,1702,2194,321370,25123,1645706616524,2043,1645778994398
17603,30531,1282,308698,50400,1645709424006,5825,1645779697591
80961,75796,1477,595592,50333,1645712189900,74,1645786652979
37644,88530,747,644303,97974,1645712309515,5825,1645780010467
49649,89653,747,644303,97974,1645712456309,2043,1645779989453
6323,96621,747,644303,97974,1645713049796,2043,1645780028766
15305,45477,9190,746896,53603,1645713938645,5825,1645780093519
63681,22187,2367,66324,61447,1645714533399,2043,1645780125559
84174,25218,8579,804007,68050,1645715264376,2043,1645780138303
86115,52730,5043,742867,55970,1645720615022,2043,1645780280898
7562,60410,379,19237,63485,1645721690572,2043,1645780344570
71734,84474,6225,142370,38552,1645724533782,74,1645780359397
83270,74396,3949,845301,19578,1645725809872,74,1645780391017
75446,14317,5748,936913,77103,1645731267595,2043,1645780397486
93914,30823,2043,756012,40266,1645740069950,74,1645780441008
17001,46898,9541,566037,8039,1645740710674,2043,1645780462139
10101,36399,304,555160,91519,1645743119996,74,1645780512589
39265,89276,4163,79241,23714,1645743802741,74,1645784610438
32329,81742,635,322546,31075,1645744786281,5825,1645780560328
28238,28263,2033,611217,27047,1645745125251,5825,1645780588989
26121,30062,747,5283,97974,1645745999707,5825,1645780592275
46413,80225,4341,160018,88880,1645748688303,5825,1645780629088
27718,37544,9216,688920,37457,1645754777373,5825,1645780714213
5837,97109,8491,7535,89352,1645754900987,5825,1645780729732
24043,91713,1723,140160,8010,1645755875408,5825,1645780740251
35905,24881,6341,703518,39418,1645760445988,5825,1645780787703
99959,93688,6341,898363,39418,1645763138130,5825,1645780823178
40716,65722,7107,160018,88880,1645763998607,5825,1645780842043
47876,73091,7785,10341,91864,1645765039366,74,1645784543487
84129,28954,919,377276,36195,1645765344852,5825,1645780847384
72404,77082,4341,272531,88880,1645765630065,5825,1645780850014
44333,80211,9549,353564,29203,1645765991870,5825,1645780852465
35120,41819,6341,829940,39418,1645768278091,5825,1645780866901
36350,65716,8481,301071,85668,1645771682742,74,1645781514756
99431,9536,8433,219372,97548,1645777953020,74,1645786553737
16987,42396,4739,907172,6885,1645778812132,74,1645785564075
91373,8500,8433,200556,97548,1645376164191,5825,1645690750763
59528,74172,4483,475421,69345,1645377742498,74,1645521395575
79778,81320,308,698801,54891,1645377890623,5825,1645521378534
47501,83597,6185,30016,16583,1645381678022,74,1645758609511
47998,22431,7858,409026,89352,1645381908582,74,1645521525735
93268,7057,380,271398,63485,1645396775182,5825,1645521472531
11956,61496,7463,547401,39738,1645397974054,3131,1645521475167
63637,52385,3492,247324,50400,1645401554817,2043,1645521525133
8075,33776,3945,40114,19578,1645401592020,2043,1645586644709
94368,36973,871,819196,41055,1645405579501,5825,1645521613520
45220,17014,4269,367964,56982,1645406059101,5825,1645521630790
19856,20305,3560,323554,833,1645410284574,5825,1645758668961
60546,2659,7905,3118,30204,1645410484812,3131,1645521709699
13522,31019,830,971009,73732,1645410508454,5825,1645521712204
46710,20353,4738,142001,6885,1645411614310,5825,1645521724686
83914,67570,5870,133004,67256,1645412475400,2043,1645690856897
26741,14648,2588,549658,48218,1645413171091,74,1645521878363
43884,36349,5201,452844,61382,1645415776072,3131,1645521964891
23695,9808,6203,441966,58355,1645415870799,5825,1645521948843
94120,33464,4709,185138,17284,1645416239135,74,1645522018723
5798,80940,4738,161962,6885,1645418032617,3131,1645522102039
30420,86624,655,491106,9694,1645418569246,5825,1645690876754
52385,76480,4157,528153,90655,1645420522248,5825,1645522211997
22056,63220,4685,466360,74668,1645420712807,5825,1645522219447
44029,70514,5867,796338,67256,1645421680480,5825,1645522266622
79558,55400,2080,153792,43711,1645427051713,2043,1645522440303
2175,98361,1122,661877,41613,1645428707275,5825,1645690969589
17650,4556,2032,744874,27047,1645430079802,2043,1645587068351
97024,66111,899,535199,81885,1645430854703,5825,1645522602717
75664,51327,2826,975633,83814,1645431349847,5825,1645522622783
24520,32609,9216,763844,37457,1645432158237,2043,1645522712477
37938,90888,255,631828,23780,1645433005860,2043,1645522780273
70787,87052,255,631828,23780,1645433464189,5825,1645522792320
9169,9304,8731,149138,13980,1645433661369,2043,1645587105243
34205,22939,840,255612,83814,1645434241908,3131,1645602188608
79568,8760,830,324739,14944,1645435390795,2043,1645758734689
3085,40316,2030,1352,27047,1645436281711,2043,1645758740068
89746,1160,5361,621968,79261,1645438448067,2043,1645587132460
26646,8061,4619,706679,58718,1645438977171,5825,1645758758718
46393,51563,6310,555508,36725,1645439283833,5825,1645758799013
23804,38588,2194,332036,25123,1645439325591,3131,1645523217299
34696,39933,187,711944,69089,1645439886878,5825,1645776920122
79661,23903,9483,741900,27460,1645440379118,74,1645523352715
54661,21722,2673,744271,12672,1645441714045,3131,1645523663549
96003,10751,5167,944579,23714,1645442461784,3131,1645523679482
14614,39712,6631,789488,24285,1645442635866,5825,1645691082220
76211,51790,2094,153792,43711,1645443530741,5825,1645523870965
42381,17051,4269,529182,56982,1645443890649,3131,1645602195494
66818,79365,5407,569456,85112,1645444954427,2043,1645613298818
58583,21870,5378,961603,63432,1645445436885,2043,1645691092024
16231,20462,2816,30571,48115,1645447845602,2043,1645587362640
15542,25588,2765,728328,92068,1645448514448,5825,1645587311460
30610,32683,8153,954928,95633,1645448602313,5825,1645523987095
76090,54569,8024,331047,1599,1645448614438,3131,1645523987733
18474,58450,6611,329346,22004,1645449394593,5825,1645524001659
7448,67730,4545,333032,97548,1645450554961,2043,1645587418877
98801,78251,9238,388896,8911,1645450940552,5825,1645524045365
41728,96458,5199,838491,61382,1645452034554,5825,1645524051833
60662,72884,7361,637149,1541,1645452459538,5825,1645758818297
15577,12679,2095,976549,43711,1645452773613,5825,1645524060016
47343,58065,2687,496473,5489,1645454743191,2043,1645758829051
24764,84675,3652,878090,95518,1645456907058,5825,1645587576566
53466,53110,8428,276127,70021,1645458237764,2043,1645768235212
14418,32962,4793,633368,43474,1645458241891,2043,1645691249328
11757,36778,6705,22338,64289,1645466024946,74,1645759030639
97393,59732,3707,940957,22004,1645466949867,5825,1645524304181
33967,27262,6184,461784,16583,1645468360130,2043,1645768242217
86943,46043,5035,922078,30606,1645469072409,2043,1645758911778
4144,34834,3949,559831,19578,1645470315032,74,1645524489337
41235,51562,877,986176,32206,1645472668393,2043,1645587627919
49869,20141,9557,784661,17703,1645472915787,5825,1645758898241
43022,59108,5859,700778,58433,1645475627613,2043,1645691285262
97953,77039,9615,100979,17703,1645486492691,2043,1645758928169
16405,71380,6148,396677,58720,1645487180150,2043,1645691322529
70156,26968,2055,109360,61646,1645490693932,2043,1645768268760
28450,1720,6604,794904,18070,1645491239990,2043,1645691366816
92043,98011,3746,62998,8911,1645491849636,5825,1645524483324
16409,71380,6148,403581,58720,1645495199587,2043,1645691406099
48700,69776,2693,342739,19942,1645495692726,5825,1645758952993
10270,17112,9619,376622,89133,1645496368249,74,1645691418718
27015,75112,4848,571356,33680,1645497331836,2043,1645691447380
18513,6751,35,167641,77860,1645498686749,5825,1645587718593
60777,11657,3842,677441,40703,1645501826715,5825,1645691427674
3594,21159,6955,224238,27931,1645502450973,5825,1645524550875
60951,12138,8941,240290,43205,1645502866662,3131,1645524556385
25154,6084,6108,509487,41480,1645502870306,5825,1645524565478
42149,4632,4836,126994,46719,1645502909293,5825,1645606306240
46701,98936,3190,740367,83079,1645502929840,2043,1645587770074
89301,75689,9599,620610,97548,1645503086188,5825,1645691448984
3008,41797,6254,280421,52841,1645503195294,2043,1645759010625
57104,6385,871,590419,32206,1645504462154,5825,1645587773662
51772,23969,9516,485404,86019,1645504694627,5825,1645587775673
28868,38632,4524,494020,99361,1645504902207,3131,1645524638021
75032,71538,3945,354833,19578,1645505613791,5825,1645691461447
96309,27353,8376,198683,6699,1645505659809,2043,1645587793715
46085,75568,8490,273483,70185,1645506839316,5825,1645691466912
1382,57078,6767,935284,49608,1645508588270,5825,1645524648495
39585,39623,7614,661886,8911,1645509400736,5825,1645524653550
89494,6084,6108,389460,41480,1645510149217,5825,1645587811360
10325,75502,4712,387579,94597,1645510977021,2043,1645691512724
39785,9802,7456,123867,95246,1645511880447,5825,1645691510173
74304,51352,3231,3386,42151,1645512134573,2043,1645691519841
39329,93830,1669,567311,37868,1645512665282,2043,1645691530374
34326,76870,5275,88297,10826,1645512856181,5825,1645587825700
99233,77266,8499,868356,5863,1645514963099,74,1645781994390
52882,56556,5825,787474,37558,1645515918354,2043,1645691540432
96779,61155,1866,11181,70309,1645517784114,5825,1645691564260
15270,5330,6317,856976,36725,1645519414900,5825,1645587914177
1380,57078,6767,935284,49608,1645520304983,5825,1645587945333
4451,47241,7392,182282,5913,1645520522694,5825,1645779884074
42358,52675,2034,102776,27047,1645522383880,2043,1645759146444
11017,89922,443,398205,19951,1645523766710,2043,1645760099510
69201,97209,8603,222521,22479,1645523783525,2043,1645691628941
88880,35218,5090,312197,14944,1645524443813,5825,1645588019927
64912,23670,4674,666540,32718,1645527753603,74,1645786314798
8296,34342,5219,494790,19273,1645529800601,74,1645759231543
73663,72012,7244,703896,47802,1645532209607,2043,1645759277077
44480,281,7361,637149,1541,1645532891683,2043,1645691761042
69143,72945,9636,583427,27931,1645532946469,5825,1645588132181
28314,53998,7361,996012,1541,1645533089326,74,1645691776275
59328,54141,38,56097,71028,1645533252834,2043,1645596846580
4365,89911,8433,215078,97548,1645533462940,2043,1645691779523
4375,89911,8433,620904,97548,1645533480792,74,1645691792051
47960,14071,8470,776965,62909,1645534421898,5825,1645588142872
95382,11894,9579,351008,17703,1645535189117,5825,1645692686929
3596,21630,9238,995694,8911,1645539221330,2043,1645588292494
90365,23616,9325,39245,61382,1645541603416,5825,1645691922023
57233,93008,5860,274897,39473,1645542777952,5825,1645691945130
107,34289,4973,772827,53520,1645542916782,74,1645776913883
16366,47812,8055,899211,12672,1645543930452,74,1645759714672
91106,47629,9325,39245,61382,1645543991414,5825,1645691982701
32936,88188,7245,425133,20789,1645546665844,5825,1645588323283
37491,10934,8358,530584,94682,1645547808185,74,1645692186881
53851,78914,8602,461054,72456,1645549162641,2043,1645759616096
25379,18533,5531,119203,12944,1645551188336,5825,1645692203365
19795,41892,7889,635597,9081,1645551930601,5825,1645588351557
71993,5338,4739,575292,8911,1645551971206,5825,1645588352837
4133,34834,3949,721135,19578,1645552302015,74,1645692245825
77337,91713,1372,807447,36652,1645552902866,5825,1645761231251
83830,9083,9253,711820,66994,1645553609578,2043,1645759716515
80275,42063,9619,877897,89133,1645556406870,5825,1645692268639
90710,65964,7083,189236,47674,1645559217780,5825,1645692283350
86877,98237,5116,273372,90748,1645567078740,5825,1645588395086
88060,22059,3292,270164,14633,1645570261067,5825,1645588419538
39635,99185,5203,752754,61382,1645574887423,5825,1645599448590
3092,56564,8881,936321,44632,1645574962151,74,1645696543937
64118,34254,1644,385538,48304,1645575815904,74,1645759846190
32369,88159,9603,998033,97548,1645576582969,5825,1645692447985
71992,5338,4739,575292,8911,1645579754918,5825,1645692518408
62543,36340,2034,421001,27047,1645583224056,5825,1645692628711
9817,57287,55,137407,833,1645585062594,74,1645699704748
78645,38871,6171,922018,11048,1645587093597,5825,1645596950491
19429,12978,2095,970670,43711,1645587474526,74,1645692847043
9564,72468,5745,605817,97548,1645588290358,5825,1645692864068
38410,66254,6448,208792,28851,1645588569924,74,1645692884014
9718,29085,5618,202974,75911,1645588631304,5825,1645692887850
48,46771,535,707470,61968,1645589765110,5825,1645596959581
65565,41153,6775,650976,78596,1645591354012,5825,1645692997016
74109,52539,5302,299684,44861,1645592073006,2043,1645693053565
18144,95502,9032,139921,85660,1645592657617,2043,1645693057061
58287,39537,813,932266,90269,1645594896285,5825,1645760017790
23023,9999,9257,898260,90748,1645598853677,5825,1645693160032
25633,56539,6861,523259,85522,1645599537493,2043,1645693168578
21419,28667,5352,482829,67140,1645600390311,5825,1645606770082
22244,42731,3187,302877,9197,1645601255097,5825,1645693235032
71295,97854,5116,732541,90748,1645602437912,74,1645784491541
16371,30235,8159,809878,16592,1645603556784,74,1645768445306
80823,83714,9902,57838,97191,1645604080547,2043,1645693351616
62001,68797,1809,86078,11333,1645605190515,2043,1645693390913
61387,83209,9956,672294,56837,1645605503697,5825,1645777562252
60556,77907,536,391778,61968,1645605687389,5825,1645607243447
29021,70354,4739,897382,6885,1645606134286,5825,1645608328383
32576,33057,8153,936473,95633,1645606418020,5825,1645760430331
59153,86289,3976,439483,1746,1645607746887,5825,1645760115709
18978,35016,2588,677534,48218,1645607838732,2043,1645693434152
58526,68082,9466,310418,23050,1645609472843,2043,1645693524221
53005,24672,9587,61506,72790,1645609490547,2043,1645610436630
70417,58782,4373,831011,82145,1645613460387,5825,1645693743041
99558,72169,489,754819,17100,1645614228396,5825,1645693760723
42856,5315,9603,724030,97548,1645614901899,74,1645693782200
71104,664,2819,661837,48115,1645615794059,5825,1645693844900
92661,84332,5178,249736,19543,1645617299723,5825,1645760533019
60206,86148,8583,580742,791,1645617951286,2043,1645693936685
61745,40908,3122,846356,75248,1645618129412,5825,1645760305719
43973,46157,1165,818043,37929,1645618296068,5825,1645693962151
54288,80225,4341,656668,88880,1645618315830,5825,1645693969900
1674,58810,4341,921391,88880,1645618355713,74,1645693979313
57976,26453,997,293434,1820,1645618890956,5825,1645694321527
79483,54126,9625,921391,88880,1645619667422,5825,1645694068206
14168,36272,5964,347565,19070,1645621098440,5825,1645760442810
21694,57381,840,916497,83814,1645621282747,2043,1645694214790
53785,17625,471,329438,35460,1645622372242,2043,1645694250743
35313,51805,2092,847384,43711,1645622649500,2043,1645760648174
7758,25106,5745,560639,97548,1645623899357,5825,1645694363231
46323,54503,1839,503488,48082,1645624968166,5825,1645694490972
99389,26541,4365,22937,99507,1645626011673,2043,1645760700193
80775,88154,5307,684975,44861,1645626208058,5825,1645694889161
33147,9863,1591,378253,78579,1645626428316,5825,1645695971390
24825,47172,9925,834126,15840,1645627988435,2043,1645760779567
60094,6226,4355,656668,88880,1645628763772,5825,1645695118498
60096,6226,4355,656668,88880,1645628788690,74,1645695184984
66117,14471,4355,921391,88880,1645629370964,74,1645695191171
60092,6226,4355,656668,88880,1645629857778,74,1645695279830
66116,14471,4355,921391,88880,1645629951825,5825,1645695271713
47249,44715,4529,980934,34543,1645631069389,2043,1645760916841
5524,26954,4365,22937,99507,1645631956932,5825,1645695383291
67638,47799,7327,870900,8914,1645632946077,5825,1645695464384
92064,23425,9257,585568,90748,1645633515512,5825,1645695479648
20333,8704,862,72766,32206,1645640247582,2043,1645695581270
72232,15124,6082,726475,76087,1645642845565,5825,1645761118421
73213,60827,2792,365074,24645,1645644892071,74,1645768576674
12046,92509,1114,558927,29477,1645651567550,5825,1645761199519
15337,60472,9903,268450,97191,1645656173159,2043,1645761247010
54743,9292,5835,92194,31347,1645656572742,2043,1645768586056
34549,34045,3829,67279,17381,1645662694548,5825,1645761534391
33204,19319,6094,451537,94374,1645663366401,74,1645768620621
63472,28289,772,22517,49554,1645666600130,2043,1645768797325
53620,19329,2197,593973,25123,1645667009805,74,1645768746989
38005,27817,9472,219519,70514,1645667348869,74,1645695899477
32706,94044,379,61002,63485,1645670419645,5825,1645777045843
15510,52255,7284,564070,1599,1645670776735,5825,1645768813957
71623,26334,6074,985245,76087,1645674370981,5825,1645768945204
23355,89816,2818,661837,48115,1645680649482,2043,1645769110120
29783,25936,6839,827816,96831,1645682464292,5825,1645777146419
65908,44428,2060,718307,60286,1645683066123,74,1645778064060
76027,34553,7773,19084,51269,1645683248758,5825,1645777183393
70613,19333,8732,371881,9081,1645684043760,5825,1645777196152
4355,83202,9546,353564,29203,1645684411262,5825,1645696211040
94219,7185,379,374803,63485,1645684451891,5825,1645777211499
90274,55413,7033,218981,98550,1645685056876,5825,1645777259146
66974,23308,9487,278710,64900,1645685602963,5825,1645777280594
31036,96626,6955,656451,27931,1645685702414,2043,1645696208958
93014,26882,7029,440314,68253,1645686558239,5825,1645777321729
86132,42179,2034,421001,27047,1645686694729,5825,1645777325978
76623,3030,9299,979536,48870,1645687963479,2043,1645696604283
89993,79738,598,722548,69870,1645688357440,2043,1645696606589
50388,75553,8490,29988,70185,1645688674866,5825,1645777425378
74,79573,3102,701138,57538,1645693486816,5825,1645777766026
20292,68877,9253,540844,37417,1645695773918,5825,1645778161076
44836,17757,510,636715,55970,1645696426475,5825,1645778202468
16981,94939,8443,701924,88987,1645698604505,74,1645778379622
30615,1729,4116,843924,15066,1645699084557,5825,1645778380015
37005,45973,7107,263232,88880,1645699098729,74,1645778411508
68446,12903,2590,640492,48218,1645699654217,5825,1645778479505
61296,25333,8021,53018,1599,1645700584230,2043,1645778611253
61988,60888,173,924427,41684,1645701459764,5825,1645778623578
61967,81623,1147,414257,87030,1645701824747,5825,1645778629077
29217,69900,3838,813174,17381,1645704015820,5825,1645778787627
96474,73843,7029,440314,68253,1645704802303,5825,1645778890319
92522,93178,8986,193195,82305,1645704821236,2043,1645778867153
86506,54422,8013,629356,1599,1645705413255,2043,1645778929575
79794,22536,862,613024,32206,1645706876337,5825,1645779033862
5970,18000,3839,960110,21394,1645707296128,2043,1645779052184
47579,18991,4353,110824,70016,1645707533741,2043,1645779069582
32224,25858,8028,587379,72542,1645707822873,2043,1645779097820
29944,62918,7189,240521,98825,1645708291577,5825,1645779535857
70263,79597,8234,982481,84922,1645708768875,5825,1645779576502
90373,73352,2782,894243,61477,1645709054330,5825,1645779632309
43455,92685,9067,574948,32464,1645712047013,5825,1645779978939
28770,86695,7033,45392,15953,1645716341855,74,1645780194922
21396,34053,874,316976,32206,1645717640086,74,1645786524554
73339,65465,1996,605898,93970,1645717773513,2043,1645780219652
48201,2549,1836,47092,13066,1645717994446,2043,1645780234972
94285,69241,2017,20295,45980,1645720120852,2043,1645780271848
98530,54472,3707,922762,22004,1645720526170,74,1645780339427
12748,22111,2770,623987,15329,1645726351133,74,1645784206285
30001,63129,791,973264,34609,1645738241213,2043,1645780409681
82080,42299,278,75625,93807,1645741604174,74,1645780499713
64592,17997,919,764332,36195,1645743387150,74,1645780530593
82543,75952,5854,633646,43128,1645751677090,5825,1645780649459
59898,19555,6341,898363,39418,1645753611425,5825,1645780689508
32014,10730,5725,808643,81522,1645753805423,2043,1645781153169
45797,98670,8013,170987,1599,1645754376798,5825,1645780699603
26302,53728,9472,598549,70514,1645755252241,5825,1645780731248
35127,41819,6341,898363,39418,1645755419877,5825,1645780737402
5218,32101,9216,688920,37457,1645756991168,5825,1645780754738
25696,64111,2033,878964,27047,1645761726899,5825,1645780791523
61437,7731,7107,628832,88880,1645762899854,5825,1645780813212
33906,13759,1815,925281,72654,1645765240965,5825,1645780846351
99189,53775,5449,433975,58458,1645769085464,5825,1645780870113
2465,70454,3378,234140,19338,1645770645250,5825,1645780873384
80865,33415,8938,30929,58333,1645774274874,74,1645782268860
99296,98206,1844,797587,17979,1645778349302,5825,1645780895097
82746,96258,382,714721,63485,1645778537478,74,1645784213307
35795,54689,2030,835374,27047,1645782782357,74,1645786569628
80413,52259,2714,310507,69133,1645374238885,3131,1645521295303
52528,31879,839,90006,47694,1645374558260,3131,1645521326032
35334,12854,5745,622606,97548,1645376511779,5825,1645690753717
6788,79765,863,107696,32206,1645382570831,3131,1645521405388
22948,4513,3945,354833,19578,1645388006676,5825,1645521451354
10251,67895,9899,30178,97191,1645396658721,3131,1645521461606
3413,78381,2757,334050,7670,1645399865143,3131,1645521542940
17356,87399,6860,140432,85522,1645400585538,2043,1645521517849
55239,5894,2871,51399,60090,1645401732332,2043,1645521709624
67760,71366,7379,276127,70021,1645403999806,2043,1645690820704
606,29110,1992,223688,23784,1645404338921,5825,1645690801351
90725,73729,1566,340429,44748,1645404438535,3131,1645521601754
11570,53646,382,174219,63485,1645405634296,3131,1645521635817
33116,92639,1262,171726,50847,1645406975748,5825,1645521648517
71013,71073,9619,722095,89133,1645408254853,5825,1645690828970
56477,39894,3152,740367,83079,1645408733104,5825,1645521673228
62385,85947,2914,903119,28684,1645409792986,5825,1645606446029
15865,81273,5845,65989,31347,1645414451067,5825,1645521873910
56498,96309,8022,806512,1599,1645415070374,2043,1645586890451
49310,14533,7745,895815,83814,1645415834766,5825,1645521934763
43949,36349,5201,288747,61382,1645417040571,5825,1645521964655
86699,79069,5841,930151,31347,1645417233745,3131,1645522076413
13787,12178,7284,252995,1599,1645417820784,5825,1645606165292
52496,79937,7644,774445,85802,1645418219974,2043,1645690952155
48270,18561,1275,421387,90973,1645420553183,5825,1645690885241
60620,87040,4126,743843,6364,1645421005032,5825,1645522236090
45253,55715,932,180962,99604,1645422748353,74,1645522326423
92362,22351,6097,8587,87414,1645423038849,5825,1645522326466
42650,36080,5201,39245,61382,1645423937521,74,1645522691206
15926,97130,3662,857198,795,1645424303344,5825,1645522356432
57196,85395,9238,87810,8911,1645425730940,5825,1645522392899
78314,55081,2096,153792,43711,1645425946005,5825,1645522407727
24163,93260,381,881759,63485,1645426012348,2043,1645522412951
36669,88068,2745,117135,42698,1645427479589,2043,1645691068558
37853,25272,3945,293944,19578,1645427732305,5825,1645690966602
30464,19981,6316,526825,36725,1645428437871,5825,1645779921454
80877,59847,536,707470,61968,1645428598611,2043,1645522473577
31496,4827,8951,61446,74668,1645428921370,5825,1645690978472
19401,48677,2032,422889,27047,1645431658370,2043,1645587075709
20170,73753,52,672710,50212,1645431748691,5825,1645522631767
93516,7082,379,271398,63485,1645432592842,2043,1645522727348
97018,66111,899,532199,81885,1645432717006,2043,1645522753347
97019,66111,899,532473,81885,1645433560131,5825,1645522801915
3541,98574,839,213256,83814,1645433725703,3131,1645523140157
65598,15126,1639,469642,19942,1645433833613,2043,1645522812101
25667,15479,9603,429557,97548,1645433971137,5825,1645691022002
3526,98574,839,243791,83814,1645434159689,2043,1645522819254
3111,40316,2030,583719,27047,1645435104870,3131,1645522894416
12561,4902,2195,321370,25123,1645435137546,3131,1645522922310
3555,98574,839,757507,83814,1645436838583,74,1645523102182
79664,23903,9483,741900,27460,1645438184013,3131,1645523175552
59925,38314,6316,980461,36725,1645438829805,5825,1645587688889
93866,35696,1707,706674,96135,1645441340989,5825,1645691069555
66480,66828,5167,835820,23714,1645441934767,2043,1645759643844
38317,53620,2717,929941,85018,1645443186591,5825,1645523826383
32034,34512,2096,166392,43711,1645444594537,3131,1645523874841
57476,49346,3657,670907,14452,1645444634145,74,1645691759175
11324,42241,117,704780,68578,1645446496696,74,1645691104768
15280,18056,2874,860346,69067,1645446647499,5825,1645691112468
81465,28826,5870,796338,67256,1645446667039,2043,1645768201100
85918,46140,9325,288747,61382,1645448254311,5825,1645523977815
9464,80855,3635,189962,65248,1645448439640,2043,1645691123651
69871,40946,187,363634,40622,1645448493141,2043,1645758801522
83570,31211,4709,176582,17284,1645449928161,2043,1645524035430
16203,20462,2816,633873,48115,1645452100054,2043,1645596600057
72424,36591,8845,910323,96268,1645452818473,5825,1645758830497
7424,61946,1565,31453,18050,1645456257701,5825,1645524095307
45102,21872,7858,688091,89352,1645456379632,5825,1645524104393
31244,26627,2082,707285,43711,1645457592815,5825,1645524204496
10641,784,1996,605898,93970,1645459043551,5825,1645691265041
10247,1547,4599,378571,28607,1645463019333,2043,1645691259208
78339,23953,9325,39245,61382,1645467884868,74,1645524319600
31246,26627,2082,707285,43711,1645468450957,5825,1645524315183
47334,33573,6108,798211,41480,1645470481890,3131,1645524346294
71234,28735,9623,843472,17703,1645470538345,2043,1645587604320
3302,89258,6860,140432,85522,1645474936742,2043,1645524377790
96417,83021,3945,559831,19578,1645475339990,5825,1645691318807
46487,87247,7187,340931,47001,1645478148730,2043,1645691317101
41989,44538,7615,386004,61677,1645479785497,3131,1645524427187
53362,79646,7032,47927,73246,1645489720767,2043,1645691362032
43297,22395,5145,385664,48870,1645489931966,5825,1645691357680
78572,3588,382,494255,63485,1645490673881,5825,1645691363524
78104,51245,9277,960991,17703,1645490975417,5825,1645524477461
71320,51876,3122,448859,75248,1645491754848,5825,1645691382205
87415,73176,9466,312028,23050,1645494106617,2043,1645691391711
94995,99913,2966,210022,83963,1645495241721,5825,1645691407549
63819,52756,1387,244969,90973,1645497789474,5825,1645596653517
45705,38334,6074,580652,76087,1645498080023,2043,1645524522944
31875,16982,9483,617270,27460,1645498642218,5825,1645691414509
31467,882,2920,660636,60962,1645499342880,5825,1645587722298
17046,49233,211,207932,29551,1645500792603,5825,1645758992419
11047,4577,897,584544,29124,1645501190227,5825,1645596745431
35426,7893,8379,411278,60538,1645501543215,74,1645776860764
28525,37181,8346,842515,16583,1645502733088,5825,1645777414569
69824,28016,7905,3118,30204,1645503485164,5825,1645524581942
84912,8998,3299,785723,14633,1645505528697,74,1645691483716
21023,98613,6082,415522,76087,1645506034826,5825,1645759045035
78727,28493,5870,308631,67256,1645506037697,2043,1645691471989
84709,37135,4545,122257,97548,1645509164679,2043,1645691485472
32622,92999,5199,452844,61382,1645509421503,74,1645691512950
42244,8681,5745,936914,97548,1645509591567,2043,1645691494774
43470,28862,8354,721366,44292,1645509638844,2043,1645759051054
83608,6202,1836,192372,13066,1645511697982,5825,1645587817760
30688,33015,2824,131996,83814,1645511957305,5825,1645587819879
49401,82310,534,997175,89147,1645515022593,74,1645691544768
5142,60760,9869,399190,69832,1645515233901,74,1645776898426
60692,28824,5030,580063,17117,1645516985337,2043,1645691555365
20375,50201,595,259277,96471,1645519894584,5825,1645691589877
10431,26453,997,178718,1820,1645520273814,5825,1645691603957
21472,64784,9280,548668,17703,1645521163615,5825,1645587968282
20471,86133,8470,759494,62909,1645522544925,5825,1645587985645
73491,84463,9278,749745,17703,1645522762825,5825,1645587998855
88784,88968,2899,684184,10485,1645523295250,5825,1645691622911
80332,64797,1020,750033,59525,1645523891095,5825,1645603944369
51598,43114,8491,156887,89352,1645524039886,2043,1645759193498
87584,21315,9555,884619,1219,1645524440988,74,1645691680638
80184,2637,8890,490537,25123,1645524944091,2043,1645588066948
36225,77845,4350,950358,91824,1645525527420,2043,1645691660906
95089,59542,7865,958416,47522,1645527165583,5825,1645691660959
21761,41330,1590,853048,78579,1645528916131,5825,1645588081267
67097,23714,2034,744874,27047,1645529929524,5825,1645596828101
7887,55157,7179,855356,45629,1645530549803,2043,1645613399682
28315,53998,7361,996012,1541,1645530672512,2043,1645691716597
79771,77080,7260,805453,36938,1645530808218,2043,1645759267182
96414,60780,2717,310507,69133,1645530823374,74,1645691725699
1375,57078,6767,901678,49608,1645532826679,5825,1645599383655
85461,77239,2590,604534,48218,1645534659353,2043,1645759298682
33147,69252,1809,690959,11333,1645534775613,5825,1645588164307
38550,18632,5308,908071,84512,1645535949886,5825,1645588175600
58436,3935,38,871378,85407,1645537407468,2043,1645613443876
41656,84742,3861,368991,56113,1645537530924,5825,1645588268096
23838,72739,3862,882402,56113,1645538848019,2043,1645608234601
81122,69107,747,985280,97974,1645540299721,5825,1645588288839
80214,91252,5209,320847,31314,1645541675687,5825,1645588301138
67034,67970,94,288053,51269,1645541976114,5825,1645588306076
4345,47723,7644,923409,85802,1645542075758,5825,1645693511343
32632,95634,5201,964599,61382,1645543092187,5825,1645691968967
71612,66062,3652,878090,95518,1645543545988,2043,1645759541202
38501,89134,5597,320471,39088,1645546254918,2043,1645596875408
17115,34708,2095,834529,43711,1645549106409,5825,1645588341218
86613,43323,1237,807773,4198,1645551144466,5825,1645692200335
91108,47629,9325,251533,61382,1645553174415,5825,1645692255733
85557,82821,1948,54689,78395,1645554076361,74,1645692257965
68377,9239,3300,700952,73961,1645555165834,5825,1645588359716
76231,29874,5145,253270,833,1645559670894,2043,1645759725003
74353,19060,1263,884525,95804,1645560755975,5825,1645596882528
58850,71628,8951,872979,74668,1645561459677,5825,1645692288080
82752,78985,191,27829,71567,1645567477786,74,1645692307757
34879,33064,7874,794186,41569,1645570752102,5825,1645692357408
77058,68001,5116,272148,90748,1645573145133,5825,1645588423166
60316,21742,5201,929197,61382,1645573840448,5825,1645692366618
36220,77845,4350,789730,91824,1645575149223,5825,1645759815768
3598,21630,9238,995694,8911,1645576457385,5825,1645588428707
17755,58342,912,250285,69226,1645578508593,2043,1645759833289
29458,29738,4129,514075,38956,1645578548463,5825,1645588434275
27335,4262,2032,865248,27047,1645578879589,5825,1645692479352
95735,39567,1115,699914,29477,1645579174890,5825,1645692499430
50758,33327,9674,974237,83814,1645579320827,74,1645692527508
48669,82071,6689,263221,16124,1645582320806,5825,1645692606175
47874,68917,3646,987473,49891,1645584579355,74,1645692776739
48768,48680,7423,497585,31775,1645584787078,5825,1645692705509
3463,7731,8308,677763,25543,1645584947866,5825,1645692719785
34416,12440,9262,898260,90748,1645586075917,5825,1645596944010
78471,55091,2079,917861,43711,1645586335685,5825,1645692797132
12650,59477,2918,470867,4228,1645588138785,74,1645692862743
26405,95068,6106,697875,41480,1645588270194,74,1645777028770
47792,25605,9616,19524,17703,1645588422942,5825,1645599472752
25117,86790,4527,404267,3242,1645588590677,5825,1645596953566
76026,48066,379,957920,63485,1645589149481,74,1645692927406
39590,99185,5203,854334,61382,1645589226252,5825,1645602350119
67990,38827,9899,236699,97191,1645589425732,5825,1645596958270
10072,77145,8433,605817,97548,1645595814021,5825,1645696120224
14035,51136,959,598974,49473,1645598463617,5825,1645606700179
97721,89319,9579,778705,39931,1645601043750,2043,1645693219949
38375,53440,9603,637675,97548,1645601663281,5825,1645693243384
68707,81760,4352,783590,91824,1645602291880,74,1645760042716
87951,14577,4812,922018,11048,1645602397343,2043,1645693277395
49503,79786,1555,536446,50672,1645602731344,2043,1645693304336
12601,91587,4730,735006,71587,1645604867598,5825,1645693379461
2871,80644,1947,636715,55970,1645605081942,74,1645760089891
15619,43664,7033,39245,61382,1645605223321,5825,1645693397205
77006,98314,471,621094,29561,1645605383336,2043,1645610411849
30629,41653,9902,259452,97191,1645606047253,2043,1645693402310
83647,26121,2031,669008,27047,1645606450317,2043,1645610420441
56354,99567,9472,387251,70514,1645607502585,5825,1645693431117
30084,68797,1809,650994,11333,1645607513869,2043,1645768469690
29519,83674,9959,567123,48014,1645609091681,74,1645768465662
56923,40489,9587,61506,72790,1645609203100,2043,1645693848437
53552,61642,5116,249616,90748,1645609500140,5825,1645693515167
13845,52194,4139,974927,38956,1645611163123,2043,1645693646195
20809,42297,305,509737,91519,1645615138386,5825,1645693798850
9491,67681,1276,309627,43130,1645617620571,5825,1645760281923
10749,30422,8433,605817,97548,1645617779437,74,1645693923844
67497,62725,1033,503149,20517,1645618043991,5825,1645777870600
23710,52702,9625,656668,88880,1645618941636,5825,1645693999997
82349,46481,9490,771452,30438,1645619039151,5825,1645694005009
97907,38356,9325,964599,61382,1645620173677,5825,1645694121360
15880,2290,6191,866545,84965,1645621701537,74,1645760575368
89249,52996,840,25244,83814,1645621796783,2043,1645694222938
10644,41978,873,598171,32206,1645622461078,5825,1645760586812
52896,54813,1839,235766,48082,1645623043073,2043,1645694256613
55093,89623,9797,85023,91399,1645627869731,2043,1645694990407
21074,65255,4355,656668,88880,1645630097208,5825,1645695286852
97110,26194,4365,411573,99507,1645630625272,5825,1645760914280
7061,37397,4355,921391,88880,1645632323666,74,1645695423389
85557,42714,9625,921391,88880,1645632738993,74,1645695431570
65289,982,840,890502,83814,1645635175161,74,1645699870966
74786,20152,6886,438588,80507,1645640558123,5825,1645695568171
66509,28719,8491,327517,89352,1645646100733,74,1645695613121
71819,42519,8338,636972,25623,1645650213019,5825,1645695654895
91130,54294,747,607154,97974,1645652579147,2043,1645695680576
59732,92265,7388,99072,16583,1645656210588,2043,1645761275163
71309,8975,6957,696199,7415,1645656311867,5825,1645761291180
95761,39600,3231,780006,42151,1645657176925,5825,1645761321357
17677,57036,4879,320158,15329,1645658715373,5825,1645761354286
31007,53378,7033,39245,61382,1645659137602,5825,1645695761295
6344,30685,2768,319261,15329,1645661078679,5825,1645761432253
84982,26855,4213,979898,78997,1645661272479,5825,1645761461499
39100,30676,2305,689569,354,1645664331852,2043,1645768630422
66582,63860,6226,142370,38552,1645664819638,74,1645695817356
85358,65929,6048,4310,19665,1645665671545,2043,1645695826935
49056,10759,6106,389460,41480,1645665836212,2043,1645768712022
78286,36019,5939,323743,79955,1645666760466,74,1645783407105
73929,2679,4741,55456,32989,1645667783666,5825,1645777041885
62689,58922,5201,452844,61382,1645668227699,2043,1645695840859
23774,32161,2770,319261,15329,1645668974477,5825,1645695874739
29128,62975,8393,434261,98183,1645672838691,5825,1645695924796
10194,96733,4564,305054,89104,1645672884749,5825,1645695932184
24759,51980,8376,915565,6699,1645673981672,5825,1645768911423
20148,20957,2032,98885,27047,1645674645787,5825,1645777086653
50955,19981,6316,856976,36725,1645675004457,74,1645777110273
92803,18075,2815,661837,48115,1645676164430,2043,1645769075932
19862,8495,5942,727992,74569,1645676239045,2043,1645699391680
40522,91921,5799,998887,49968,1645676950677,5825,1645696091720
57653,68027,8411,943074,59894,1645680792465,74,1645769199838
39153,6085,3658,857198,795,1645681634789,2043,1645696159236
2289,91960,4830,13586,48983,1645683650989,5825,1645777190877
40158,24063,6611,922762,22004,1645684570879,5825,1645777241726
80474,75553,8490,739007,70185,1645684647952,5825,1645777255169
63358,40981,3122,295819,75248,1645686107438,5825,1645777316185
11577,72272,1499,176423,21839,1645686355015,2043,1645696214653
94511,7274,8342,374803,63485,1645686706942,5825,1645777327982
68801,22408,8603,39618,22479,1645687289498,5825,1645777337047
72381,92837,4141,899189,44126,1645688468572,5825,1645777420257
91745,31880,2033,95071,27047,1645688601893,5825,1645779895776
71095,94009,634,698170,71001,1645688999266,5825,1645777447808
39402,5527,3229,729125,42151,1645691008711,5825,1645777690173
41868,30418,747,624524,97974,1645691979440,5825,1645777713092
95928,79946,2367,79821,64170,1645692033202,5825,1645777717635
42453,77771,5711,844266,6065,1645692505426,5825,1645777726878
65038,87371,6466,128400,65485,1645693184823,5825,1645777750857
41871,30418,747,497429,97974,1645693959263,5825,1645777938136
11583,47096,6939,611049,27931,1645694140334,74,1645778080890
31847,49549,6479,529491,71282,1645695189671,5825,1645778137076
5966,16205,6955,455119,27931,1645696975609,5825,1645778231294
15511,52255,7284,564070,1599,1645698176287,5825,1645778331677
31906,32344,600,622788,17118,1645698252542,74,1645698398687
89659,68744,1549,219240,50672,1645698258805,74,1645698517067
26379,5890,4446,598449,60942,1645699725766,2043,1645778456401
5767,45846,8376,774470,6699,1645700403120,5825,1645778544512
23041,30025,4129,974927,38956,1645700456289,5825,1645778559526
48173,26247,899,193096,81885,1645701188506,5825,1645778573712
23532,7731,7107,272531,88880,1645701619712,2043,1645778847726
62679,35123,9190,607793,53603,1645701969367,5825,1645778671761
79958,45973,7107,272531,88880,1645702383661,5825,1645778683660
78848,78700,6555,55526,16281,1645703588066,5825,1645778776414
16071,43602,381,84252,63485,1645704774069,2043,1645778861831
62554,1702,2194,332036,25123,1645705284215,5825,1645778919499
43069,62288,4545,535447,97548,1645706109475,5825,1645778986950
50289,2696,261,850883,21999,1645706774989,2043,1645779011162
108,15517,6955,224238,27931,1645706798427,5825,1645779010358
38625,24671,6029,710090,92983,1645708517224,5825,1645779552182
9946,12272,7688,25780,14122,1645709167402,5825,1645779635975
70583,97748,1051,788548,91721,1645709247847,5825,1645779649828
10595,41779,7325,244529,8914,1645710167496,5825,1645779836576
85907,33509,3945,427776,19578,1645710335469,5825,1645779856053
31953,44607,7586,560968,42852,1645711238087,74,1645786677066
68050,37805,1990,933416,23784,1645712743593,2043,1645780022753
28544,83377,2475,180414,44721,1645713957527,5825,1645780100277
96192,24713,6500,785406,41235,1645715447864,5825,1645780130137
7229,56347,2093,764218,43711,1645716501533,2043,1645780198391
98389,40203,1115,926219,29477,1645716872331,74,1645780203165
67837,10135,8524,864334,79991,1645717218464,2043,1645780211500
16180,7555,3945,363982,19578,1645719645000,2043,1645780252780
17109,35669,747,644303,97974,1645721097890,2043,1645780294743
86516,29892,3894,124901,82278,1645723443165,2043,1645780355424
55904,40044,8576,850449,68050,1645730971670,2043,1645780394526
40084,67934,1537,995511,92790,1645740404669,74,1645780467426
77021,69192,4705,278710,64900,1645743359492,5825,1645780517698
20179,41892,3986,190662,83814,1645744947674,74,1645780557294
47598,41405,8736,168413,37386,1645747270080,5825,1645780599472
35264,1680,7481,795857,46185,1645747316780,74,1645786886213
17051,60359,6767,935284,49608,1645754433951,5825,1645780709712
33695,13035,9625,628832,88880,1645755232253,2043,1645785578995
91413,42112,1116,73618,28656,1645759516844,5825,1645780780081
12068,43209,2033,676178,27047,1645760144918,5825,1645780782323
28776,75568,1622,982047,39908,1645763044530,5825,1645780814566
35113,41819,6341,829940,39418,1645763373945,5825,1645780829175
28738,97493,153,817351,76619,1645766225801,5825,1645780853487
94204,95313,9275,362062,15939,1645766857197,5825,1645780854482
74731,35311,5145,497200,48870,1645770072820,5825,1645780871275
9567,72468,5745,605817,97548,1645445981065,2043,1645691099335
31313,26645,8023,708091,1599,1645450994812,2043,1645587423272
85947,99120,9238,104525,8911,1645374431124,3131,1645521303354
3663,90598,5375,509487,41480,1645376009628,3131,1645521353053
72151,88695,8492,155167,40768,1645376840608,2043,1645690754885
57335,80125,308,95982,54891,1645377805240,3131,1645521374979
66909,16841,9198,501599,94522,1645378108767,2043,1645758661603
21907,40724,9238,634483,8911,1645379097677,3131,1645521398798
37642,17055,4269,719350,56982,1645379589950,5825,1645690761437
45710,38334,6074,637649,76087,1645381606125,5825,1645521407438
92737,17035,4269,529182,56982,1645387918812,5825,1645521442970
91399,92996,7644,923409,85802,1645397064069,2043,1645586443674
93766,32476,926,59632,82669,1645401304824,5825,1645521526770
57519,96439,8025,495490,1599,1645403154357,5825,1645521559718
78919,88781,4269,600445,56982,1645404062737,5825,1645690768201
24047,92940,7788,938518,84421,1645404198894,2043,1645768176787
247,38106,1708,855918,38956,1645405190247,3131,1645521610942
94944,616,4458,330082,52291,1645405511968,2043,1645768180790
37274,25853,8530,937657,13567,1645405603003,5825,1645596888421
12482,69396,6347,887829,14285,1645406059402,2043,1645769088961
26713,23520,8411,280264,59894,1645409565144,5825,1645758646687
10250,67895,9899,30178,97191,1645410452660,5825,1645521703204
91485,2274,2213,647481,89828,1645412148515,5825,1645521742751
52100,13662,953,59632,82669,1645412288313,74,1645521792568
63894,2132,9294,955942,59573,1645412470594,5825,1645521804031
95376,92303,7773,19084,51269,1645413792476,2043,1645586759241
3587,76789,1170,814907,63603,1645414181648,5825,1645690835734
87614,60294,5219,894564,19273,1645414595541,74,1645521942603
76108,46028,278,188435,93807,1645417771356,5825,1645522060296
61670,91522,2654,217617,9502,1645418791695,74,1645690878265
29640,15182,2587,306934,48218,1645418801239,3131,1645522256886
80389,52259,2714,247116,69133,1645418849059,5825,1645522116248
17840,62110,2053,497514,61646,1645419507938,74,1645758770701
74628,4859,6689,113612,16124,1645420473684,5825,1645522198524
48373,13417,6312,331148,36725,1645420953221,74,1645690900400
43159,38211,5745,822048,97548,1645422453335,5825,1645690938304
44701,74542,9325,39245,61382,1645422849600,3131,1645522344971
89548,5265,9603,863863,25435,1645423650141,5825,1645690962694
98519,67109,7033,39245,61382,1645424242195,5825,1645522336301
73706,72012,7244,248552,47802,1645426324325,5825,1645522421428
97394,59732,3707,940957,22004,1645428032860,5825,1645522471823
40522,99237,2383,226102,10124,1645428682124,3131,1645522505411
75673,51327,2826,974237,83814,1645430717834,2043,1645522687684
7306,94988,6106,389460,41480,1645433854325,3131,1645522827046
3530,98574,839,757507,83814,1645436606789,3131,1645522946981
81464,28826,5870,796338,67256,1645436665386,3131,1645523081690
68502,89979,808,370613,96685,1645439809581,74,1645691096810
91851,41757,8181,617543,57583,1645441581015,2043,1645587152446
18504,4297,439,894268,80975,1645442708592,2043,1645587208507
32674,39051,1276,27031,71717,1645443133018,3131,1645523816716
3529,98574,839,213256,83814,1645443451852,5825,1645523844163
99650,36260,278,188435,93807,1645444201761,5825,1645598819363
11623,73614,2030,21963,27047,1645444660656,5825,1645523877978
70697,94239,7716,851992,56011,1645445029157,74,1645776825788
38830,79027,2936,139921,85660,1645447279935,2043,1645691109083
2463,83654,4545,276911,97548,1645447796677,3131,1645523956569
27989,49212,2687,919117,5489,1645448260717,5825,1645691125453
58343,54037,4365,413119,19311,1645449046378,5825,1645523994741
73425,37901,2590,249656,48218,1645449420411,5825,1645524008287
30341,25488,5167,511373,23714,1645450242175,2043,1645758811750
21026,97397,6777,776721,89214,1645450430027,5825,1645691144955
3470,62697,2860,332764,56991,1645454580702,2043,1645610263768
88083,90113,7604,186573,71104,1645455055835,74,1645691229414
79030,75360,9033,674789,14150,1645457368990,5825,1645758836762
41305,47360,6071,355022,67728,1645459970968,2043,1645691253674
8071,33776,3945,40114,19578,1645463198170,5825,1645587581098
90951,43749,4308,863780,81017,1645465004019,2043,1645524286337
55801,5956,4808,719052,60084,1645466754989,5825,1645524287596
97591,58986,3945,710151,19578,1645466947644,2043,1645524293793
84483,83007,8302,103473,36300,1645467098571,5825,1645758865028
73958,25393,5744,57698,37088,1645473408390,5825,1645758946054
24636,16884,9899,30178,97191,1645482142280,74,1645691340699
48197,33987,3572,669321,11204,1645488126944,5825,1645587637511
43007,91712,5203,964599,61382,1645489746769,5825,1645587686576
20677,57440,653,825056,80221,1645491326708,74,1645768315276
34707,10100,5944,575571,74569,1645492671140,2043,1645691376359
24596,16883,9899,268450,97191,1645496753515,2043,1645524504210
28755,15069,2587,958866,48218,1645497578872,3131,1645524509559
15264,64996,8095,371382,89639,1645497666609,2043,1645768277003
49218,32347,9300,895828,48870,1645499762416,2043,1645587734743
76932,17297,758,494832,49608,1645501984520,5825,1645587748855
8498,62287,123,32551,68578,1645502113583,74,1645783811396
18512,6751,35,323787,77860,1645502370970,5825,1645524545585
3392,84628,7999,300561,66411,1645502742024,2043,1645596761949
67126,84145,2032,596204,27047,1645504304092,2043,1645691457863
25206,93362,3231,858923,42151,1645504531037,2043,1645759046141
16202,20462,2816,633873,48115,1645506726087,5825,1645691464599
35500,94416,1116,477174,29477,1645506739459,2043,1645596766391
12436,53521,2030,10434,27047,1645507530803,5825,1645524643380
44221,11594,5631,437932,82210,1645509659800,5825,1645596769337
89056,46313,8389,129120,625,1645509900427,2043,1645691498721
63439,71828,9800,237512,41182,1645515217272,5825,1645587856797
43468,28862,8354,68716,44292,1645515594960,2043,1645761049347
81222,90762,4269,503254,56982,1645516976461,5825,1645587871599
72742,98626,6955,804578,27931,1645517732792,74,1645759120045
22025,44429,381,840662,63485,1645518903976,5825,1645587890981
38580,99819,5870,796338,67256,1645519077275,5825,1645596808765
32003,57946,9810,989426,44645,1645519210448,74,1645691618741
45558,99981,5135,846395,17703,1645521710223,3131,1645596787855
77448,60144,118,312160,37933,1645524573967,2043,1645596843612
89269,44009,8389,903932,625,1645524833675,5825,1645691653825
95088,59542,7865,958416,47522,1645525906720,5825,1645759229847
68856,90241,6373,957015,50672,1645527936762,5825,1645596820286
59830,2525,243,508724,22204,1645528860820,74,1645691715860
31824,227,5610,982481,84922,1645529345600,5825,1645588087226
4387,89911,8433,498465,97548,1645529370265,2043,1645691700774
86382,77471,2589,604534,48218,1645529592961,2043,1645588215807
25868,20994,6317,891477,36725,1645529996382,5825,1645759244269
74529,93762,5745,620610,97548,1645530091550,2043,1645691709019
70911,87275,3084,831406,21999,1645530659942,74,1645759474084
67316,23714,2034,744874,27047,1645531070081,5825,1645588110417
26890,93465,381,883133,63485,1645532509840,5825,1645691745612
57384,24358,5297,194209,10002,1645533996698,2043,1645691786523
79781,14678,3315,826756,27132,1645535816894,5825,1645588170879
1372,57078,6767,903573,49608,1645536229997,5825,1645588228144
1997,24142,4405,869375,33349,1645537518533,5825,1645588262458
81459,28826,5870,656112,67256,1645537931749,5825,1645759324307
95762,39600,3231,780006,42151,1645538886432,5825,1645691855174
90359,23616,9325,288747,61382,1645540781478,5825,1645588294781
47071,19433,7534,808248,76686,1645541279659,5825,1645588299848
22166,21315,9555,108792,1219,1645544136818,74,1645692062415
51807,43762,7033,892161,61382,1645544386443,5825,1645692025988
30657,67249,2785,136656,44262,1645544544026,5825,1645692039038
26893,93465,381,883133,63485,1645544558480,5825,1645692041566
63489,90676,9603,498465,97548,1645546754902,5825,1645692101549
88940,80761,3945,730298,19578,1645550952768,2043,1645759675255
31837,27605,796,901349,45117,1645551658329,2043,1645768354748
58922,83684,8436,272012,16583,1645556177209,74,1645782003931
85969,38176,2034,102776,27047,1645556961274,5825,1645692275570
74239,42649,5199,452844,61382,1645563526810,5825,1645588392282
51374,37889,9216,700310,37457,1645564624633,5825,1645599422486
45257,99364,9903,197039,97191,1645568294775,2043,1645759736379
40010,49388,3344,344022,5047,1645569029162,2043,1645759757600
46126,35457,2770,320158,15329,1645570251297,5825,1645692335103
64316,68522,2937,894621,21394,1645574344657,5825,1645760410189
60749,64028,9708,848394,58720,1645575341808,5825,1645692407078
95066,11784,6106,751114,41480,1645578278269,3131,1645603951128
29583,11697,5631,273296,82210,1645580692392,5825,1645776935654
40380,72625,9178,401009,78701,1645582524662,5825,1645596925481
79567,75460,8490,739007,70185,1645584725561,2043,1645759867481
91383,70503,6980,154353,44242,1645586141758,74,1645692799248
76569,38075,9061,577545,68128,1645586845378,74,1645692817735
31498,4827,8951,61446,74668,1645589541126,2043,1645699372676
42248,17812,4146,380529,77129,1645589775531,5825,1645596960876
30231,98233,862,315092,32206,1645590104842,5825,1645692924408
14596,12439,2096,58214,43711,1645590789458,5825,1645692956026
64625,49744,4445,789183,29235,1645590878673,5825,1645768366263
56497,3178,6500,638861,41235,1645592436105,5825,1645759965884
56693,77143,3986,190662,83814,1645593083780,2043,1645693068547
3418,49463,8520,205737,37584,1645593305473,2043,1645693074589
64590,91773,5574,104949,51269,1645593882638,74,1645693247500
28045,26313,8309,48101,25543,1645594079044,2043,1645693078437
39092,69307,2577,604534,48218,1645594837600,2043,1645693120321
99264,98683,8535,473997,99260,1645595208677,2043,1645693127912
97139,81326,953,56792,82669,1645596046820,5825,1645776953206
3522,34796,3949,559831,19578,1645597391435,2043,1645760037956
98992,32582,646,658348,79245,1645598877293,74,1645760023725
63206,31123,5548,819595,61365,1645599809197,2043,1645609453568
83645,26121,2031,835374,27047,1645601199370,2043,1645693225371
68786,53516,5112,433522,90748,1645601663367,5825,1645693248302
37460,95068,6106,625266,41480,1645601726010,2043,1645768402434
4386,89911,8433,498465,97548,1645602752576,2043,1645693310226
54314,55016,9269,219019,90748,1645604636655,5825,1645693690242
95873,98289,8308,48101,25543,1645605339664,2043,1645693394149
70403,24825,4739,907172,6885,1645605452380,2043,1645693398271
18291,60306,4849,178114,171,1645606853103,2043,1645693419768
77005,98314,471,504364,29561,1645607392974,2043,1645768417007
59570,58516,8817,652122,34441,1645608563541,5825,1645693439451
40115,70735,5229,452377,79606,1645609035464,2043,1645610430360
4838,18239,9710,880812,2149,1645609530183,74,1645610446166
93154,18253,2033,421001,27047,1645610888416,5825,1645693575372
98942,84860,3986,916497,83814,1645612153250,2043,1645693661164
64094,86717,4213,67211,78997,1645612645980,5825,1645776988351
5471,49067,7611,625856,68821,1645612767513,2043,1645761241408
32382,34670,7206,348223,7921,1645613561821,2043,1645693740782
52887,54813,1839,846296,48082,1645613697854,2043,1645768474553
81042,2592,4669,978487,85455,1645614110997,5825,1645760154091
28807,42773,1555,120293,33298,1645614112206,74,1645693739267
95334,56976,5765,37263,79989,1645614286951,2043,1645693746621
68692,81760,4352,791117,91824,1645615250112,74,1645693876259
52437,48619,5147,176843,66620,1645615547570,5825,1645693836224
5509,26954,4365,7094,99507,1645615778185,5825,1645760183844
30325,3618,3945,710151,19578,1645616426144,2043,1645768496017
25322,79623,7245,552196,20789,1645617047822,2043,1645693883450
55922,26390,8212,405147,22887,1645617642972,2043,1645693903437
61781,41339,6859,564264,17703,1645617962509,74,1645693964082
79481,54126,9625,656668,88880,1645620359974,5825,1645694145294
90704,65964,7083,201511,47674,1645621085634,5825,1645760435425
65026,36635,4341,656668,88880,1645621154712,2043,1645694201628
21485,36966,5834,422474,22018,1645623716785,5825,1645760635688
47478,30700,447,136523,22655,1645624516371,5825,1645694801468
43270,31343,4973,943254,53520,1645625304456,2043,1645760667539
72726,79843,9599,990374,97548,1645625514510,5825,1645694776837
10639,41978,873,598171,32206,1645627818565,2043,1645760776952
16647,44000,5128,886688,91266,1645628565588,5825,1645760825493
11235,6478,471,49599,35460,1645629206537,5825,1645760855116
20146,20957,2032,89452,27047,1645630775182,74,1645695359239
55665,63362,1032,474177,80259,1645632894863,5825,1645695436130
16266,51287,8569,321015,31622,1645634552990,5825,1645695508193
3341,54190,4511,737342,78703,1645638202579,5825,1645695556090
14676,23950,3707,871556,22004,1645644049342,5825,1645761139348
64854,12903,3945,40114,19578,1645644691745,5825,1645761143495
343,10952,2581,35621,48218,1645649455739,5825,1645695643192
30222,76532,2959,784018,56214,1645654289714,5825,1645777033713
15838,68515,6551,338122,83956,1645656250781,2043,1645695717149
59782,68776,9837,628362,13839,1645659394708,5825,1645778239223
44013,72390,9904,215628,97191,1645663441043,2043,1645768594629
98622,94631,6108,827558,41480,1645663692511,2043,1645695791042
9447,91328,7479,527375,17302,1645663941780,74,1645695796091
55426,55608,6587,58751,95518,1645664348619,2043,1645768636964
66700,92270,7620,611203,96458,1645665095845,5825,1645695812128
25180,4033,1234,427385,65036,1645666085051,2043,1645695830398
22100,69380,1947,330799,55970,1645672140696,2043,1645768831963
93601,50883,6551,386254,83956,1645673509109,5825,1645695977616
56924,51713,1796,155277,68373,1645673521389,5825,1645695985101
42288,62018,4545,535447,97548,1645673647899,2043,1645768966732
45489,4074,9904,30178,97191,1645674499507,5825,1645695998625
21651,50134,4879,319261,15329,1645674638665,5825,1645768961188
67096,71998,6689,373616,16124,1645675153744,5825,1645696028516
99400,13769,4466,459378,2792,1645675411786,5825,1645768986064
44015,72390,9904,612277,97191,1645677516149,5825,1645769018776
37090,12138,8941,332821,43205,1645679821203,2043,1645696133791
48365,63394,536,707470,61968,1645679873649,2043,1645696135832
29188,94104,2195,332036,25123,1645681379202,5825,1645777124591
16478,97070,5145,731979,48870,1645681629892,5825,1645777131504
1085,24195,7107,655316,88880,1645683073000,5825,1645777152409
15604,36531,5217,889897,83170,1645683108842,5825,1645777156770
23354,89816,2818,661837,48115,1645684000586,2043,1645699395968
67499,62725,1033,503149,20517,1645684431073,5825,1645777209311
60148,56788,4878,319261,15329,1645685370679,5825,1645777269296
33491,17768,6859,702265,17703,1645685774106,5825,1645777290821
59442,83514,7885,738478,17311,1645685779763,5825,1645777292817
22640,78554,8020,53018,1599,1645686053543,5825,1645696226503
78469,55091,2079,917861,43711,1645688703495,5825,1645777428298
62829,32837,747,1378,97974,1645688886901,5825,1645777442088
2365,69025,2034,238204,27047,1645689576386,74,1645780774095
60971,21927,8947,240290,43205,1645690223620,2043,1645696227303
56380,21451,1950,488719,78395,1645690309539,5825,1645777684786
1260,79908,3102,989254,57538,1645690827534,74,1645783430338
95025,21625,3468,880504,28438,1645692207234,74,1645700149917
64733,87116,6149,420572,68732,1645692494999,5825,1645777723597
67498,62725,1033,503149,20517,1645693059363,5825,1645777745819
94984,40470,8443,701924,88987,1645693609508,5825,1645777839156
70751,80141,1555,957015,50672,1645693764435,74,1645777995914
67035,30106,5870,660442,67256,1645695627548,5825,1645778153541
48188,26247,899,193575,81885,1645698240832,5825,1645778341598
58672,82138,4878,320158,15329,1645698467503,5825,1645778349905
18303,67685,9276,581094,17703,1645699655316,2043,1645778435876
10886,74145,8443,701924,88987,1645699748901,74,1645778518116
13458,28438,1875,335662,79624,1645700581623,74,1645778654910
13855,46475,919,199981,36195,1645701289895,5825,1645778593870
84947,41113,8433,955149,97548,1645701349158,5825,1645778599667
55469,16394,3726,44910,48010,1645701927690,5825,1645778654558
24465,86959,4534,894393,34543,1645703242599,5825,1645778765874
73336,12677,3332,495947,31055,1645704608049,5825,1645778835399
10957,36287,1644,385538,48304,1645704738055,5825,1645778856538
4120,34365,919,764332,36195,1645706968190,2043,1645779047371
90998,20412,9299,376861,48870,1645707460513,74,1645781770742
13454,26862,8805,922762,22004,1645708923584,5825,1645779589851
98988,81821,2768,319261,15329,1645708983406,5825,1645779611442
66484,9819,8501,686236,48337,1645709937959,5825,1645779788400
71069,18158,3189,149234,38113,1645714247364,2043,1645780118841
13449,26862,8805,922762,22004,1645715964660,5825,1645780153486
76339,62235,7033,580046,15953,1645715977691,2043,1645780488560
69108,70308,5470,642495,14811,1645732888334,2043,1645780406832
33380,1992,4709,752652,17284,1645752314532,5825,1645780664156
43635,27266,5135,749843,55105,1645756548197,5825,1645780750066
80903,68819,1115,632818,29477,1645757144392,5825,1645780757493
76035,60696,3842,642381,40703,1645757217297,5825,1645780758789
64585,18036,3553,911193,64374,1645757247469,5825,1645780764158
43631,56520,6341,898363,39418,1645758694396,5825,1645780776876
30440,72296,5206,83018,28342,1645776691143,5825,1645780893138
92521,89416,211,168766,61732,1645777159492,74,1645786517933
4014,75401,2162,1616,97237,1645782146694,74,1645782676476
5299,51734,2905,853846,41055,1645373746855,5825,1645521309840
63551,84038,5745,476581,97548,1645374074189,2043,1645690746810
28987,84236,5909,133829,42691,1645374560967,5825,1645521324571
34357,68548,4117,906802,15066,1645374937767,2043,1645758587761
57643,96064,5558,165251,7513,1645375678759,74,1645521356904
58038,1584,2782,149224,7513,1645375722721,5825,1645521371166
77859,82000,6100,751114,41480,1645375944694,3131,1645521339085
51777,87026,7988,409969,1403,1645376317654,74,1645690787951
54851,84661,8819,436366,67952,1645376774603,3131,1645521367834
54861,64992,9238,579045,8911,1645379140762,5825,1645521384985
62818,22983,3476,131550,75350,1645383176456,5825,1645521419001
86516,4294,8819,436366,67952,1645383728941,5825,1645521425274
54863,64992,9238,621122,8911,1645385677575,3131,1645521443479
92690,12020,6566,222480,66283,1645386145217,5825,1645606136843
50296,35956,38,629542,71028,1645388704084,5825,1645758617953
51455,7882,4491,423251,34543,1645398689199,74,1645758627753
95186,1464,8302,103473,36300,1645398762363,3131,1645521489678
62861,86321,3829,894408,17381,1645399465905,3131,1645521503028
50057,60490,4166,853846,41055,1645402757698,5825,1645521549107
11395,13541,3772,301276,35674,1645403720827,5825,1645521574492
67838,50893,6395,714172,94222,1645404640319,5825,1645521584806
77956,29214,4836,666108,46719,1645406192458,74,1645758673593
84953,52877,9392,736378,71589,1645407100895,5825,1645690817083
9589,72468,5745,658769,97548,1645409493080,74,1645690865118
37490,10934,8358,530584,94682,1645411346812,2043,1645586749343
85437,36403,4738,907172,6885,1645412176288,5825,1645521752816
75668,51327,2826,757507,83814,1645412369404,5825,1645521775001
90260,57014,1914,888113,59194,1645412376316,5825,1645596543724
82398,86132,6955,245698,27931,1645413919307,5825,1645521846641
5903,65425,3468,617308,28438,1645414064466,5825,1645521853185
75661,51327,2826,757507,83814,1645415827998,5825,1645521928676
98524,67109,7033,288747,61382,1645417130204,5825,1645521973641
55030,65444,62,133744,57662,1645418441813,5825,1645690862798
24732,10157,6774,171437,76898,1645419350596,5825,1645522137102
7260,66066,4326,185023,19295,1645420021520,5825,1645522173596
52471,12167,4587,352838,40939,1645420979619,5825,1645522230081
66027,94048,495,762653,17100,1645421327510,5825,1645522249610
99615,88385,2195,332036,25123,1645421579693,5825,1645522255671
20239,31990,1387,583719,27047,1645421957965,3131,1645522272310
50050,79911,2324,608634,8580,1645422263733,5825,1645690908838
21845,31253,1263,884525,95804,1645422707608,2043,1645586971636
65913,70726,8021,236109,1599,1645423065233,5825,1645690941585
42462,78404,655,308716,9694,1645424795038,2043,1645768192204
97044,64753,421,903612,43163,1645425116996,2043,1645758696558
90078,32853,3815,798266,2855,1645425419889,3131,1645522390542
41376,37756,7992,99998,1403,1645426381048,2043,1645522429396
1078,9168,1115,81893,29477,1645426473123,2043,1645758705318
40215,91058,1387,583719,27047,1645427907273,5825,1645522462794
13483,3927,7368,406227,21706,1645429593914,5825,1645522506178
5068,40927,379,755343,63485,1645429834477,3131,1645522515542
24377,93268,382,881759,63485,1645429855148,5825,1645522520641
97025,66111,899,532853,81885,1645430803895,5825,1645522592711
48465,5983,6424,646101,22999,1645430895388,2043,1645758819550
94209,7196,3225,235880,42151,1645431637542,2043,1645758729127
97004,66111,899,532473,81885,1645431884720,5825,1645522763910
97012,66111,899,535199,81885,1645433717562,74,1645522874183
63785,54741,4709,185138,17284,1645433789151,5825,1645691009601
95492,86853,5665,617215,91333,1645434059128,74,1645781202945
8157,20886,3489,628036,27728,1645434375539,2043,1645522848701
57808,33085,8411,386957,4435,1645434874029,2043,1645522893677
90007,32854,3815,834538,2855,1645435111651,2043,1645522904381
18837,98613,6082,984759,76087,1645435339584,2043,1645522915424
54846,37659,6284,166830,14173,1645436399505,5825,1645691026030
27487,25480,6165,594056,77567,1645437685367,5825,1645691030978
91210,2078,8480,138855,61954,1645438405612,74,1645523220424
24162,93260,381,881759,63485,1645440582839,3131,1645523601825
76722,72890,9599,899836,97548,1645442039917,2043,1645691077004
71057,22365,2077,521759,27105,1645442507850,3131,1645523710393
29840,71851,7033,39245,61382,1645442752463,3131,1645523730078
84617,33310,5835,92194,31347,1645443312103,3131,1645523843807
9574,8873,3797,285021,20581,1645443584380,2043,1645603929793
51508,72295,5744,260277,97548,1645444658110,5825,1645691098571
56022,93003,5175,812532,85447,1645445406534,3131,1645523905130
64428,86830,7903,741354,17821,1645449322083,74,1645786292632
32711,281,7361,215317,1541,1645451005077,2043,1645691173693
13963,91661,380,181058,63485,1645451745952,2043,1645524050852
78537,75360,9033,220198,14150,1645453980907,2043,1645691210213
32342,41912,8212,263176,22887,1645455241867,5825,1645779089307
88285,91604,4619,706679,58718,1645455753678,74,1645784572425
38353,87310,5201,490078,61382,1645455851865,3131,1645524139708
5067,40927,379,755343,63485,1645456816721,5825,1645524125975
27906,99760,4661,538120,90040,1645457811567,2043,1645596614919
58371,94465,8106,878354,74754,1645458077827,3131,1645524171109
79178,11590,5203,964599,61382,1645460034711,3131,1645524336602
88926,50089,862,194531,32206,1645464541216,2043,1645524275544
95810,98050,747,644303,97974,1645468558793,5825,1645524428881
35761,18062,5308,908071,84512,1645472333277,3131,1645524413769
76432,90511,3708,540171,22004,1645475080214,5825,1645587622035
57507,60689,6175,824883,5863,1645477388834,5825,1645587624456
5038,92258,3722,573847,29959,1645487590567,2043,1645758933647
21624,2809,4836,404102,46719,1645494809831,74,1645691403267
31857,49549,6479,268618,71282,1645497307296,5825,1645524512386
11036,38574,9674,150939,83814,1645499168552,74,1645524823136
22467,41660,2613,44832,68821,1645500981525,5825,1645759002739
45465,97578,8433,702239,97548,1645503504773,74,1645698356656
55511,67650,5744,620610,97548,1645504379117,5825,1645691455408
72656,57633,4527,61700,3242,1645505614495,5825,1645776853496
23046,97089,6120,117943,42669,1645506231329,74,1645784038132
71611,59237,5221,386464,77354,1645506821572,3131,1645602199725
96805,86140,8491,831807,89352,1645508920861,5825,1645691505680
12405,89971,1734,772990,64337,1645513853102,5825,1645587835183
89911,64679,2480,443156,17504,1645516238677,5825,1645587869656
57007,25724,453,637312,33676,1645517635888,5825,1645691555021
2496,41108,7610,299657,16583,1645519097316,5825,1645599380580
77948,36019,5939,651087,79955,1645520203583,5825,1645587926692
79913,48023,3923,643681,40703,1645521983042,3131,1645596796310
27321,31228,7383,785345,89204,1645522356530,74,1645759147526
52483,16535,6939,508749,27931,1645522687823,5825,1645587995342
72914,24057,2160,44435,91055,1645524768599,5825,1645588024554
31696,80717,7013,64980,31075,1645526295330,5825,1645588041776
13961,91661,380,181058,63485,1645528325690,5825,1645588070808
30575,32705,8153,950497,95633,1645528556971,5825,1645588076971
66026,38812,9272,548668,17703,1645530665492,5825,1645588107290
27008,61137,8535,34878,99260,1645531321573,5825,1645759268205
418,45814,883,612180,39333,1645531678428,5825,1645588127057
63741,61023,5603,855556,25963,1645531732792,5825,1645759283954
61983,26094,8228,107122,58224,1645532156838,2043,1645694979421
39960,52765,595,239437,96471,1645532403231,5825,1645695531244
26611,21163,396,158526,4228,1645533008861,2043,1645610288404
39331,93830,1669,567311,37868,1645533145357,2043,1645691771218
94498,17204,2613,680617,68821,1645534553355,2043,1645691790187
64222,49885,5440,127820,33773,1645534948345,74,1645691807276
13950,91628,381,181058,63485,1645535500294,5825,1645691796865
63742,61023,5603,855556,25963,1645536294486,5825,1645691816706
59648,81261,8470,776965,62909,1645536558414,5825,1645588236069
32871,13484,7165,494008,2149,1645538780064,3131,1645596872388
71994,5338,4739,575292,8911,1645539936081,2043,1645596866528
10170,41793,379,145023,63485,1645540480346,5825,1645692562410
5572,52688,6597,718810,99361,1645540521521,74,1645691939020
82595,33449,1322,891828,31775,1645540834927,5825,1645596868379
85071,93751,118,332898,68578,1645541319989,74,1645759545646
94062,94355,55,187973,833,1645542123383,2043,1645782894719
10257,87910,7307,366179,73470,1645542560855,5825,1645776888320
16181,7379,9224,46625,60859,1645543407801,2043,1645759500892
48767,48680,7423,871215,31775,1645544516819,5825,1645692034570
17229,70755,4552,878603,35155,1645545986802,2043,1645759576402
3521,34796,3949,559831,19578,1645547545965,5825,1645692158350
22186,99863,4581,26450,5492,1645552276790,2043,1645759703983
81909,60199,3189,41438,38113,1645552441061,5825,1645588353987
90372,23616,9325,251533,61382,1645558346754,5825,1645588366307
80800,14434,4683,952792,26710,1645562448066,74,1645759748834
22215,6329,6108,751114,41480,1645564231494,5825,1645596883987
35774,30384,2033,216727,27047,1645564383298,74,1645692293461
71902,19370,2033,28537,27047,1645569101242,5825,1645692332574
23781,32161,2770,320158,15329,1645572762748,2043,1645759816510
74124,23326,5845,213567,31347,1645575802471,5825,1645692414441
44900,38401,6455,354454,23317,1645585224822,5825,1645692733976
16367,47812,8055,899211,12672,1645585526611,5825,1645759871284
1479,80819,9902,130164,97191,1645585605949,5825,1645599468837
72088,18323,3146,75966,10002,1645587174262,5825,1645759876181
84096,54026,2094,917465,43711,1645587259903,5825,1645692848564
37998,17446,4146,380529,77129,1645587522501,5825,1645596951794
91433,54023,3737,66361,98753,1645588758766,2043,1645759900971
55830,52252,5409,142370,38552,1645589190076,74,1645759913691
28351,97932,3228,79873,42151,1645590066586,2043,1645759922271
52884,54813,1839,274407,48082,1645590696118,74,1645692940377
36325,63240,8710,67573,26829,1645590997482,5825,1645759931834
25873,60008,511,388791,55074,1645592539574,5825,1645693055091
60070,20994,6317,856976,36725,1645592592821,5825,1645608273114
81891,60199,3189,139076,38113,1645594093079,5825,1645693107893
64134,83455,3995,894268,80975,1645594891386,2043,1645768367711
37978,2788,7479,234059,17302,1645595847051,2043,1645693136865
88413,30758,7819,892730,2017,1645599194797,2043,1645610401339
87963,74432,8199,362326,22887,1645600938564,2043,1645693208772
52897,54813,1839,235766,48082,1645602088078,2043,1645693251690
35745,41466,7615,104525,8911,1645603110735,5825,1645693337272
29150,16594,35,714831,97548,1645603321832,5825,1645760054791
34173,15199,5203,964599,61382,1645603621893,5825,1645693346485
39808,12763,2394,368731,68795,1645609970337,5825,1645693537916
91592,8497,8433,222366,97548,1645614217351,2043,1645693743588
51084,17724,542,440162,77866,1645615472694,5825,1645693811551
94388,45533,9325,964599,61382,1645616156787,5825,1645693879044
77077,12386,7033,288747,61382,1645616709780,74,1645693888870
69285,43698,2139,88648,44887,1645616879946,5825,1645693892364
17105,55164,123,467350,61732,1645617181783,2043,1645693897116
97037,55808,2093,630051,43711,1645617945617,2043,1645693916330
89845,23877,4341,656668,88880,1645618849890,5825,1645693997304
33710,43326,5863,972070,67256,1645619482633,5825,1645694036288
37398,62594,2034,102776,27047,1645620151679,2043,1645694102030
25213,41987,9172,401009,78701,1645621130937,5825,1645694236059
40018,71268,4439,547598,17492,1645621849997,2043,1645694235908
89256,52996,840,40368,83814,1645623015629,2043,1645694253089
440,44344,5304,996629,23714,1645624893120,5825,1645694488525
32506,78556,6611,677273,22004,1645626183569,5825,1645760717433
77620,56352,9625,656668,88880,1645626514656,5825,1645694902966
76118,28497,4545,306274,97548,1645626520698,5825,1645694906853
21070,65255,4355,656668,88880,1645627233217,5825,1645694947180
5222,55498,2092,922556,43711,1645628025563,2043,1645760820069
18235,67361,6227,72432,82331,1645628120005,5825,1645760799134
22842,43521,7716,968324,30990,1645628184697,2043,1645695021387
1572,18263,3986,506941,83814,1645628332721,2043,1645695025630
67222,95015,136,874873,60779,1645628397204,5825,1645695054753
96630,43327,4355,656668,88880,1645628773871,5825,1645695135471
64095,24756,4355,656668,88880,1645629577637,74,1645695238651
50922,29834,4355,921391,88880,1645631358952,5825,1645695368388
51990,59787,5064,863634,30266,1645631485686,74,1645695384767
46732,61206,2033,656363,27047,1645631567818,74,1645768521046
47311,73768,3461,428934,98206,1645632082583,5825,1645760952442
7059,37397,4355,921391,88880,1645632220804,74,1645695400423
81163,11822,9282,774332,17703,1645632516066,5825,1645777025519
26380,61857,2025,374335,23520,1645633645228,2043,1645695490190
3306,25848,7060,913547,99976,1645634740936,2043,1645761008456
99936,44344,5304,908909,23714,1645634838846,5825,1645760993648
12670,4325,1811,633195,66910,1645634968270,5825,1645761019475
78192,65371,8505,14741,5863,1645635660788,5825,1645761030719
83846,80775,9325,39245,61382,1645641540076,5825,1645695600956
42499,19632,747,631569,97974,1645648695529,5825,1645695633506
68795,93793,3986,258241,83814,1645654635713,5825,1645761259803
48501,78053,8947,868620,43205,1645660476041,5825,1645761410855
76379,47754,8521,911494,37584,1645660885866,2043,1645695765910
59616,82221,3883,853849,18144,1645661974601,5825,1645761493925
42839,86647,5870,796338,67256,1645663750890,2043,1645768612887
13783,4878,7620,356180,96458,1645668575173,5825,1645695873360
32621,3837,8302,430544,36300,1645673209319,2043,1645768839191
23368,60580,5329,429040,71104,1645673303158,2043,1645768901849
15101,93062,2794,75966,10002,1645673314030,74,1645777087998
7080,55739,8025,278281,1599,1645674637658,5825,1645696013748
58344,33499,7810,3986,6396,1645674986449,5825,1645777089402
93310,49694,4710,362124,92302,1645675533995,5825,1645777564493
20155,20957,2032,78343,27047,1645675822898,5825,1645768989748
7936,30992,2768,319261,15329,1645676482514,5825,1645768999817
77476,3296,382,880520,63485,1645679602565,5825,1645769049333
97181,98936,3190,740367,83079,1645679701821,5825,1645769058747
84350,54113,2096,641641,43711,1645680538155,2043,1645769093101
17341,29154,9263,349497,90748,1645681578296,5825,1645777127685
46438,94893,796,612442,45117,1645682441819,5825,1645777139183
57167,99523,8199,362326,22887,1645683606854,5825,1645777185748
33284,37734,2966,210022,83963,1645684171286,5825,1645777204496
71206,26071,5947,825580,41588,1645685589903,2043,1645696204561
63011,27773,9959,562867,48014,1645687256011,5825,1645777335340
76407,29465,3718,96805,15426,1645688245420,2043,1645696223230
42599,52966,862,341319,32206,1645689995894,5825,1645777578928
25933,93578,2794,284505,10002,1645690541639,74,1645786320275
84715,98254,8199,362326,22887,1645692036886,5825,1645696241571
8901,16798,6955,471833,27931,1645693955421,74,1645699022849
12826,93992,4384,574531,42649,1645694033859,2043,1645696250842
26723,23621,8491,396825,89352,1645694891354,5825,1645778123158
63012,36175,9985,604349,5498,1645695636449,74,1645778289428
54901,84468,8443,701924,88987,1645696295896,5825,1645778188201
77799,80446,3933,514016,21617,1645697149479,5825,1645778287504
48185,26247,899,194435,81885,1645698448475,74,1645699992110
27123,28897,1094,472525,33315,1645699416409,5825,1645778427971
26895,93465,381,883133,63485,1645700087815,2043,1645778558067
10402,97214,6242,371619,4288,1645700726254,5825,1645778561606
27216,48260,507,551876,55074,1645701133500,5825,1645778564506
69923,35174,3189,139076,38113,1645701276886,5825,1645778581032
16234,43661,381,440253,63485,1645701451909,2043,1645778619411
78152,95377,8354,547169,44292,1645702844376,2043,1645778990091
66680,11914,8583,64035,791,1645705137516,2043,1645778893138
5542,26954,4365,929714,99507,1645705503654,2043,1645778949873
98987,81821,2768,319261,15329,1645708479371,2043,1645779167484
36165,97954,2942,500676,77983,1645708557000,5825,1645779567662
48205,2549,1836,47092,13066,1645710021197,5825,1645779816499
57405,70030,2518,325726,2678,1645711111907,2043,1645779973672
23442,31366,3304,928107,81151,1645711427378,5825,1645779948462
98263,8196,876,759620,32206,1645711731893,5825,1645779954025
84168,25218,8579,850449,68050,1645713284436,2043,1645780094582
36917,25746,7337,10310,38113,1645715769439,5825,1645780140088
54659,90739,919,142495,36195,1645715999742,74,1645780173407
80657,52599,227,334847,54037,1645716327362,2043,1645780175260
47108,35920,8020,123695,24543,1645720988541,74,1645786541473
60136,85830,899,408829,81885,1645721940244,74,1645780354914
18330,59842,2918,203525,4228,1645722707092,2043,1645780348646
78613,95505,6418,998580,32734,1645725595789,2043,1645780361903
8431,46024,6961,890128,20538,1645739013444,74,1645780429513
15906,13035,9625,272531,88880,1645744931370,74,1645780550495
43456,92685,9067,574948,32464,1645746539981,5825,1645780593962
73324,10487,8890,346941,25123,1645746678125,5825,1645780596564
15722,59949,6767,482019,49608,1645748889194,5825,1645780635503
6582,17166,3786,553023,47324,1645751759018,5825,1645780655116
81803,38005,4564,986205,89104,1645751774121,5825,1645780657099
49959,35041,4341,160018,88880,1645751983517,5825,1645780662673
24047,91713,1723,116326,8010,1645753552802,5825,1645780680691
35897,24881,6341,829940,39418,1645756023729,5825,1645780745956
31496,81721,635,172074,31075,1645759430328,5825,1645780778778
2155,28488,6341,829940,39418,1645761881921,74,1645780855512
99955,93688,6341,703518,39418,1645763102204,5825,1645780819658
22284,87017,8938,30929,58333,1645763142254,5825,1645780824619
229,56662,2590,610170,48218,1645764256861,5825,1645780843179
85455,14133,6735,320798,51593,1645764289411,5825,1645780844221
51101,63133,2018,608522,72780,1645768392694,74,1645780863260
45580,53024,7729,991948,93318,1645769054019,74,1645785555369
25772,86770,1874,858867,32206,1645770934682,74,1645786708922
59118,5126,6608,941197,21518,1645775296798,5825,1645780886333
40222,90245,5023,50712,6321,1645775907927,5825,1645780892123
22282,87019,8938,31454,58333,1645775990960,74,1645784924911
